{
  "parent": "minecraft:item/generated",
  "textures": {
    "layer0": "minecraft:item/paper"
  },
  "overrides": [
    {
      "predicate": {
        "custom_model_data": 1
      },
      "model": "minecraft:item/td_car_1_red"
    },
    {
      "predicate": {
        "custom_model_data": 2
      },
      "model": "minecraft:item/dojo_banner_pagoda"
    },
    {
      "predicate": {
        "custom_model_data": 3
      },
      "model": "minecraft:item/jason"
    },
    {
      "predicate": {
        "custom_model_data": 4
      },
      "model": "minecraft:item/key_to_the_city"
    },
    {
      "predicate": {
        "custom_model_data": 5
      },
      "model": "minecraft:item/hlwn_pumpkin_1"
    },
    {
      "predicate": {
        "custom_model_data": 6
      },
      "model": "minecraft:item/dojo_banner_gardens"
    }
  ]
}
