{
	"credit": "Made with Blockbench",
	"ambientocclusion": false,
	"textures": {
		"particle": "block/trim_grass",
		"cross": "block/trim_grass"
	},
	"elements": [
		{
			"from": [-0.2, -1, 6],
			"to": [14.2, 15, 6],
			"shade": false,
			"rotation": {"angle": 45, "axis": "y", "origin": [7, 7, 6], "rescale": true},
			"faces": {
				"north": {"uv": [0, 0, 16, 16], "texture": "#cross", "tintindex": 0},
				"south": {"uv": [0, 0, 16, 16], "texture": "#cross", "tintindex": 0}
			}
		},
		{
			"from": [7, -1, -1.2],
			"to": [7, 15, 13.2],
			"shade": false,
			"rotation": {"angle": 45, "axis": "y", "origin": [7, 7, 6], "rescale": true},
			"faces": {
				"east": {"uv": [0, 0, 16, 16], "texture": "#cross", "tintindex": 0},
				"west": {"uv": [0, 0, 16, 16], "texture": "#cross", "tintindex": 0}
			}
		}
	]
}