{
	"credit": "Made with Blockbench",
	"ambientocclusion": false,
	"textures": {
		"particle": "block/trim_grass",
		"cross": "block/trim_grass"
	},
	"elements": [
		{
			"from": [2.8, 0, 8],
			"to": [17.2, 16, 8],
			"shade": false,
			"rotation": {"angle": 45, "axis": "y", "origin": [10, 8, 8], "rescale": true},
			"faces": {
				"north": {"uv": [0, 0, 16, 16], "texture": "#cross", "tintindex": 0},
				"south": {"uv": [0, 0, 16, 16], "texture": "#cross", "tintindex": 0}
			}
		},
		{
			"from": [10, 0, 0.8],
			"to": [10, 16, 15.2],
			"shade": false,
			"rotation": {"angle": 45, "axis": "y", "origin": [10, 8, 8], "rescale": true},
			"faces": {
				"east": {"uv": [0, 0, 16, 16], "texture": "#cross", "tintindex": 0},
				"west": {"uv": [0, 0, 16, 16], "texture": "#cross", "tintindex": 0}
			}
		}
	]
}