{
	"credit": "Made with Blockbench",
	"ambientocclusion": false,
	"textures": {
		"particle": "block/trim_grass",
		"cross": "block/trim_grass"
	},
	"elements": [
		{
			"from": [-1.2, -1, 10],
			"to": [13.2, 15, 10],
			"shade": false,
			"rotation": {"angle": 45, "axis": "y", "origin": [6, 7, 10], "rescale": true},
			"faces": {
				"north": {"uv": [0, 0, 16, 16], "texture": "#cross", "tintindex": 0},
				"south": {"uv": [0, 0, 16, 16], "texture": "#cross", "tintindex": 0}
			}
		},
		{
			"from": [6, 0, 2.8],
			"to": [6, 16, 17.2],
			"shade": false,
			"rotation": {"angle": 45, "axis": "y", "origin": [6, 8, 10], "rescale": true},
			"faces": {
				"east": {"uv": [0, 0, 16, 16], "texture": "#cross", "tintindex": 0},
				"west": {"uv": [0, 0, 16, 16], "texture": "#cross", "tintindex": 0}
			}
		}
	]
}