{
	"credit": "Made with Blockbench",
	"ambientocclusion": false,
	"textures": {
		"particle": "block/trim_grass",
		"cross": "block/trim_grass"
	},
	"elements": [
		{
			"from": [-3.2, -1, 13],
			"to": [11.2, 15, 13],
			"shade": false,
			"rotation": {"angle": 45, "axis": "y", "origin": [4, 7, 13], "rescale": true},
			"faces": {
				"north": {"uv": [0, 0, 16, 16], "texture": "#cross", "tintindex": 0},
				"south": {"uv": [0, 0, 16, 16], "texture": "#cross", "tintindex": 0}
			}
		},
		{
			"from": [4, -1, 5.8],
			"to": [4, 15, 20.2],
			"shade": false,
			"rotation": {"angle": 45, "axis": "y", "origin": [4, 7, 13], "rescale": true},
			"faces": {
				"east": {"uv": [0, 0, 16, 16], "texture": "#cross", "tintindex": 0},
				"west": {"uv": [0, 0, 16, 16], "texture": "#cross", "tintindex": 0}
			}
		}
	]
}