{
	"credit": "Made with Blockbench",
	"ambientocclusion": false,
	"textures": {
		"particle": "block/trim_grass",
		"cross": "block/trim_grass"
	},
	"elements": [
		{
			"from": [0.8, -3, 8],
			"to": [15.2, 13, 8],
			"shade": false,
			"rotation": {"angle": 45, "axis": "y", "origin": [8, 5, 8], "rescale": true},
			"faces": {
				"north": {"uv": [0, 0, 16, 16], "texture": "#cross", "tintindex": 0},
				"south": {"uv": [0, 0, 16, 16], "texture": "#cross", "tintindex": 0}
			}
		},
		{
			"from": [0.8, -3, 8],
			"to": [15.2, 13, 8],
			"shade": false,
			"rotation": {"angle": -45, "axis": "y", "origin": [8, 5, 8], "rescale": true},
			"faces": {
				"north": {"uv": [0, 0, 16, 16], "texture": "#cross", "tintindex": 0},
				"south": {"uv": [0, 0, 16, 16], "texture": "#cross", "tintindex": 0}
			}
		}
	]
}