{
	"credit": "Made with Blockbench",
	"ambientocclusion": false,
	"textures": {
		"particle": "block/trim_grass",
		"cross": "block/trim_grass"
	},
	"elements": [
		{
			"from": [4.8, -2, 6],
			"to": [19.2, 14, 6],
			"shade": false,
			"rotation": {"angle": 45, "axis": "y", "origin": [12, 6, 6], "rescale": true},
			"faces": {
				"north": {"uv": [0, 0, 16, 16], "texture": "#cross", "tintindex": 0},
				"south": {"uv": [0, 0, 16, 16], "texture": "#cross", "tintindex": 0}
			}
		},
		{
			"from": [12, -2, -1.2],
			"to": [12, 14, 13.2],
			"shade": false,
			"rotation": {"angle": 45, "axis": "y", "origin": [12, 6, 6], "rescale": true},
			"faces": {
				"east": {"uv": [0, 0, 16, 16], "texture": "#cross", "tintindex": 0},
				"west": {"uv": [0, 0, 16, 16], "texture": "#cross", "tintindex": 0}
			}
		}
	]
}