{
	"credit": "Made with Blockbench",
	"ambientocclusion": false,
	"textures": {
		"particle": "block/trim_grass",
		"cross": "block/trim_grass"
	},
	"elements": [
		{
			"from": [-2.2, -3, 10],
			"to": [12.2, 13, 10],
			"shade": false,
			"rotation": {"angle": 45, "axis": "y", "origin": [5, 5, 10], "rescale": true},
			"faces": {
				"north": {"uv": [0, 0, 16, 16], "texture": "#cross", "tintindex": 0},
				"south": {"uv": [0, 0, 16, 16], "texture": "#cross", "tintindex": 0}
			}
		},
		{
			"from": [-2.2, -3, 10],
			"to": [12.2, 13, 10],
			"shade": false,
			"rotation": {"angle": -45, "axis": "y", "origin": [5, 5, 10], "rescale": true},
			"faces": {
				"north": {"uv": [0, 0, 16, 16], "texture": "#cross", "tintindex": 0},
				"south": {"uv": [0, 0, 16, 16], "texture": "#cross", "tintindex": 0}
			}
		}
	]
}