{
	"credit": "Made with Blockbench",
	"ambientocclusion": false,
	"textures": {
		"particle": "block/trim_grass",
		"cross": "block/trim_grass"
	},
	"elements": [
		{
			"from": [1.8, -1, 11],
			"to": [16.2, 15, 11],
			"shade": false,
			"rotation": {"angle": 45, "axis": "y", "origin": [9, 7, 11], "rescale": true},
			"faces": {
				"north": {"uv": [0, 0, 16, 16], "texture": "#cross", "tintindex": 0},
				"south": {"uv": [0, 0, 16, 16], "texture": "#cross", "tintindex": 0}
			}
		},
		{
			"from": [9, -1, 3.8],
			"to": [9, 15, 18.2],
			"shade": false,
			"rotation": {"angle": 45, "axis": "y", "origin": [9, 7, 11], "rescale": true},
			"faces": {
				"east": {"uv": [0, 0, 16, 16], "texture": "#cross", "tintindex": 0},
				"west": {"uv": [0, 0, 16, 16], "texture": "#cross", "tintindex": 0}
			}
		}
	]
}