{
	"credit": "Made with Blockbench",
	"textures": {
		"0": "item/dojo_banner_pagoda",
		"particle": "item/dojo_banner_pagoda"
	},
	"elements": [
		{
			"from": [-14.4, 0, 8],
			"to": [30.4, 25.6, 8],
			"rotation": {"angle": 0, "axis": "y", "origin": [14.4, 0, 8]},
			"faces": {
				"north": {"uv": [0, 3.42857, 16, 12.57143], "texture": "#0"},
				"east": {"uv": [0, 3.42857, 16, 12.57143], "texture": "#0"},
				"south": {"uv": [0, 3.42857, 16, 12.57143], "texture": "#0"},
				"west": {"uv": [0, 3.42857, 16, 12.57143], "texture": "#0"},
				"up": {"uv": [0, 3.42857, 16, 12.57143], "texture": "#0"},
				"down": {"uv": [0, 3.42857, 16, 12.57143], "texture": "#0"}
			}
		}
	]
}