{
  "parent": "minecraft:item/handheld",
  "textures": {
    "layer0": "minecraft:item/carrot_on_a_stick"
  },
  "overrides": [
    {
      "predicate": {
        "custom_model_data": 1
      },
      "model": "minecraft:item/leave_icon"
    },
    {
      "predicate": {
        "custom_model_data": 2
      },
      "model": "minecraft:item/up_icon"
    },
    {
      "predicate": {
        "custom_model_data": 3
      },
      "model": "minecraft:item/down_icon"
    }
  ]
}
