{
	"credit": "Made with Blockbench",
	"textures": {
		"0": "item/down_icon",
		"particle": "item/down_icon"
	},
	"elements": [
		{
			"name": "down_icon_0",
			"from": [5, 3, 8],
			"to": [11, 15, 9],
			"rotation": {"angle": 0, "axis": "y", "origin": [0, 0, 8]},
			"faces": {
				"north": {"uv": [11, 1, 5, 13], "texture": "#0"},
				"east": {"uv": [10, 1, 11, 13], "texture": "#0"},
				"south": {"uv": [5, 1, 11, 13], "texture": "#0"},
				"west": {"uv": [5, 1, 6, 13], "texture": "#0"},
				"up": {"uv": [5, 1, 11, 2], "texture": "#0"},
				"down": {"uv": [5, 12, 11, 13], "texture": "#0"}
			}
		},
		{
			"name": "down_icon_1",
			"from": [2, 6, 8],
			"to": [5, 9, 9],
			"rotation": {"angle": 0, "axis": "y", "origin": [0, 0, 8]},
			"faces": {
				"north": {"uv": [5, 7, 2, 10], "texture": "#0"},
				"east": {"uv": [4, 7, 5, 10], "texture": "#0"},
				"south": {"uv": [2, 7, 5, 10], "texture": "#0"},
				"west": {"uv": [2, 7, 3, 10], "texture": "#0"},
				"up": {"uv": [2, 7, 5, 8], "texture": "#0"},
				"down": {"uv": [2, 9, 5, 10], "texture": "#0"}
			}
		},
		{
			"name": "down_icon_2",
			"from": [11, 6, 8],
			"to": [14, 9, 9],
			"rotation": {"angle": 0, "axis": "y", "origin": [0, 0, 8]},
			"faces": {
				"north": {"uv": [14, 7, 11, 10], "texture": "#0"},
				"east": {"uv": [13, 7, 14, 10], "texture": "#0"},
				"south": {"uv": [11, 7, 14, 10], "texture": "#0"},
				"west": {"uv": [11, 7, 12, 10], "texture": "#0"},
				"up": {"uv": [11, 7, 14, 8], "texture": "#0"},
				"down": {"uv": [11, 9, 14, 10], "texture": "#0"}
			}
		},
		{
			"name": "down_icon_3",
			"from": [3, 5, 8],
			"to": [5, 6, 9],
			"rotation": {"angle": 0, "axis": "y", "origin": [0, 0, 8]},
			"faces": {
				"north": {"uv": [5, 10, 3, 11], "texture": "#0"},
				"east": {"uv": [4, 10, 5, 11], "texture": "#0"},
				"south": {"uv": [3, 10, 5, 11], "texture": "#0"},
				"west": {"uv": [3, 10, 4, 11], "texture": "#0"},
				"up": {"uv": [3, 10, 5, 11], "texture": "#0"},
				"down": {"uv": [3, 10, 5, 11], "texture": "#0"}
			}
		},
		{
			"name": "down_icon_4",
			"from": [11, 5, 8],
			"to": [13, 6, 9],
			"rotation": {"angle": 0, "axis": "y", "origin": [0, 0, 8]},
			"faces": {
				"north": {"uv": [13, 10, 11, 11], "texture": "#0"},
				"east": {"uv": [12, 10, 13, 11], "texture": "#0"},
				"south": {"uv": [11, 10, 13, 11], "texture": "#0"},
				"west": {"uv": [11, 10, 12, 11], "texture": "#0"},
				"up": {"uv": [11, 10, 13, 11], "texture": "#0"},
				"down": {"uv": [11, 10, 13, 11], "texture": "#0"}
			}
		},
		{
			"name": "down_icon_5",
			"from": [4, 4, 8],
			"to": [5, 5, 9],
			"rotation": {"angle": 0, "axis": "y", "origin": [0, 0, 8]},
			"faces": {
				"north": {"uv": [5, 11, 4, 12], "texture": "#0"},
				"east": {"uv": [4, 11, 5, 12], "texture": "#0"},
				"south": {"uv": [4, 11, 5, 12], "texture": "#0"},
				"west": {"uv": [4, 11, 5, 12], "texture": "#0"},
				"up": {"uv": [4, 11, 5, 12], "texture": "#0"},
				"down": {"uv": [4, 11, 5, 12], "texture": "#0"}
			}
		},
		{
			"name": "down_icon_6",
			"from": [11, 4, 8],
			"to": [12, 5, 9],
			"rotation": {"angle": 0, "axis": "y", "origin": [0, 0, 8]},
			"faces": {
				"north": {"uv": [12, 11, 11, 12], "texture": "#0"},
				"east": {"uv": [11, 11, 12, 12], "texture": "#0"},
				"south": {"uv": [11, 11, 12, 12], "texture": "#0"},
				"west": {"uv": [11, 11, 12, 12], "texture": "#0"},
				"up": {"uv": [11, 11, 12, 12], "texture": "#0"},
				"down": {"uv": [11, 11, 12, 12], "texture": "#0"}
			}
		},
		{
			"name": "down_icon_7",
			"from": [6, 2, 8],
			"to": [10, 3, 9],
			"rotation": {"angle": 0, "axis": "y", "origin": [0, 0, 8]},
			"faces": {
				"north": {"uv": [10, 13, 6, 14], "texture": "#0"},
				"east": {"uv": [9, 13, 10, 14], "texture": "#0"},
				"south": {"uv": [6, 13, 10, 14], "texture": "#0"},
				"west": {"uv": [6, 13, 7, 14], "texture": "#0"},
				"up": {"uv": [6, 13, 10, 14], "texture": "#0"},
				"down": {"uv": [6, 13, 10, 14], "texture": "#0"}
			}
		},
		{
			"name": "down_icon_8",
			"from": [7, 1, 8],
			"to": [9, 2, 9],
			"rotation": {"angle": 0, "axis": "y", "origin": [0, 0, 8]},
			"faces": {
				"north": {"uv": [9, 14, 7, 15], "texture": "#0"},
				"east": {"uv": [8, 14, 9, 15], "texture": "#0"},
				"south": {"uv": [7, 14, 9, 15], "texture": "#0"},
				"west": {"uv": [7, 14, 8, 15], "texture": "#0"},
				"up": {"uv": [7, 14, 9, 15], "texture": "#0"},
				"down": {"uv": [7, 14, 9, 15], "texture": "#0"}
			}
		}
	],
	"display": {
		"thirdperson_righthand": {
			"rotation": [0, -90, 25],
			"translation": [1.13, 3.2, 1.13],
			"scale": [0, 0, 0]
		},
		"thirdperson_lefthand": {
			"rotation": [0, -90, 25],
			"translation": [1.13, 3.2, 1.13],
			"scale": [0, 0, 0]
		},
		"firstperson_righthand": {
			"rotation": [0, -90, 25],
			"translation": [1.13, 3.2, 1.13],
			"scale": [0, 0, 0]
		},
		"firstperson_lefthand": {
			"rotation": [0, -90, 25],
			"translation": [1.13, 3.2, 1.13],
			"scale": [0, 0, 0]
		},
		"ground": {
			"translation": [0, 2, 0],
			"scale": [0.5, 0.5, 0.5]
		},
		"head": {
			"rotation": [0, 180, 0],
			"translation": [0, 13, 7]
		},
		"fixed": {
			"rotation": [0, 180, 0]
		}
	},
	"groups": [
		{
			"name": "down_icon",
			"origin": [8, 8, 8],
			"color": 0,
			"children": [0, 1, 2, 3, 4, 5, 6, 7, 8]
		}
	]
}