{
	"credit": "Made with Blockbench",
	"textures": {
		"0": "item/leave_icon",
		"particle": "item/leave_icon"
	},
	"elements": [
		{
			"name": "leave_icon_0",
			"from": [4, 11, 7],
			"to": [14, 16, 8],
			"rotation": {"angle": 0, "axis": "y", "origin": [0, 0, 7]},
			"faces": {
				"north": {"uv": [14, 0, 4, 5], "texture": "#0"},
				"east": {"uv": [13, 0, 14, 5], "texture": "#0"},
				"south": {"uv": [4, 0, 14, 5], "texture": "#0"},
				"west": {"uv": [4, 0, 5, 5], "texture": "#0"},
				"up": {"uv": [4, 0, 14, 1], "texture": "#0"},
				"down": {"uv": [4, 4, 14, 5], "texture": "#0"}
			}
		},
		{
			"name": "leave_icon_1",
			"from": [5, 0, 7],
			"to": [9, 11, 8],
			"rotation": {"angle": 0, "axis": "y", "origin": [0, 0, 7]},
			"faces": {
				"north": {"uv": [9, 5, 5, 16], "texture": "#0"},
				"east": {"uv": [8, 5, 9, 16], "texture": "#0"},
				"south": {"uv": [5, 5, 9, 16], "texture": "#0"},
				"west": {"uv": [5, 5, 6, 16], "texture": "#0"},
				"up": {"uv": [5, 5, 9, 6], "texture": "#0"},
				"down": {"uv": [5, 15, 9, 16], "texture": "#0"}
			}
		},
		{
			"name": "leave_icon_2",
			"from": [10, 0, 7],
			"to": [14, 11, 8],
			"rotation": {"angle": 0, "axis": "y", "origin": [0, 0, 7]},
			"faces": {
				"north": {"uv": [14, 5, 10, 16], "texture": "#0"},
				"east": {"uv": [13, 5, 14, 16], "texture": "#0"},
				"south": {"uv": [10, 5, 14, 16], "texture": "#0"},
				"west": {"uv": [10, 5, 11, 16], "texture": "#0"},
				"up": {"uv": [10, 5, 14, 6], "texture": "#0"},
				"down": {"uv": [10, 15, 14, 16], "texture": "#0"}
			}
		},
		{
			"name": "leave_icon_3",
			"from": [1, 6, 7],
			"to": [5, 10, 8],
			"rotation": {"angle": 0, "axis": "y", "origin": [0, 0, 7]},
			"faces": {
				"north": {"uv": [5, 6, 1, 10], "texture": "#0"},
				"east": {"uv": [4, 6, 5, 10], "texture": "#0"},
				"south": {"uv": [1, 6, 5, 10], "texture": "#0"},
				"west": {"uv": [1, 6, 2, 10], "texture": "#0"},
				"up": {"uv": [1, 6, 5, 7], "texture": "#0"},
				"down": {"uv": [1, 9, 5, 10], "texture": "#0"}
			}
		},
		{
			"name": "leave_icon_4",
			"from": [9, 6, 7],
			"to": [10, 10, 8],
			"rotation": {"angle": 0, "axis": "y", "origin": [0, 0, 7]},
			"faces": {
				"north": {"uv": [10, 6, 9, 10], "texture": "#0"},
				"east": {"uv": [9, 6, 10, 10], "texture": "#0"},
				"south": {"uv": [9, 6, 10, 10], "texture": "#0"},
				"west": {"uv": [9, 6, 10, 10], "texture": "#0"},
				"up": {"uv": [9, 6, 10, 7], "texture": "#0"},
				"down": {"uv": [9, 9, 10, 10], "texture": "#0"}
			}
		},
		{
			"name": "leave_icon_5",
			"from": [4, 0, 7],
			"to": [5, 5, 8],
			"rotation": {"angle": 0, "axis": "y", "origin": [0, 0, 7]},
			"faces": {
				"north": {"uv": [5, 11, 4, 16], "texture": "#0"},
				"east": {"uv": [4, 11, 5, 16], "texture": "#0"},
				"south": {"uv": [4, 11, 5, 16], "texture": "#0"},
				"west": {"uv": [4, 11, 5, 16], "texture": "#0"},
				"up": {"uv": [4, 11, 5, 12], "texture": "#0"},
				"down": {"uv": [4, 15, 5, 16], "texture": "#0"}
			}
		},
		{
			"name": "leave_icon_6",
			"from": [9, 0, 7],
			"to": [10, 5, 8],
			"rotation": {"angle": 0, "axis": "y", "origin": [0, 0, 7]},
			"faces": {
				"north": {"uv": [10, 11, 9, 16], "texture": "#0"},
				"east": {"uv": [9, 11, 10, 16], "texture": "#0"},
				"south": {"uv": [9, 11, 10, 16], "texture": "#0"},
				"west": {"uv": [9, 11, 10, 16], "texture": "#0"},
				"up": {"uv": [9, 11, 10, 12], "texture": "#0"},
				"down": {"uv": [9, 15, 10, 16], "texture": "#0"}
			}
		}
	],
	"display": {
		"thirdperson_righthand": {
			"rotation": [0, -90, 25],
			"translation": [1.13, 3.2, 1.13],
			"scale": [0, 0, 0]
		},
		"thirdperson_lefthand": {
			"rotation": [0, -90, 25],
			"translation": [1.13, 3.2, 1.13],
			"scale": [0, 0, 0]
		},
		"firstperson_righthand": {
			"rotation": [0, -90, 25],
			"translation": [1.13, 3.2, 1.13],
			"scale": [0, 0, 0]
		},
		"firstperson_lefthand": {
			"rotation": [0, -90, 25],
			"translation": [1.13, 3.2, 1.13],
			"scale": [0, 0, 0]
		},
		"ground": {
			"translation": [0, 2, 0],
			"scale": [0.5, 0.5, 0.5]
		},
		"head": {
			"rotation": [0, 180, 0],
			"translation": [0, 13, 7]
		},
		"fixed": {
			"rotation": [0, 180, 0]
		}
	},
	"groups": [
		{
			"name": "leave_icon",
			"origin": [8, 8, 8],
			"color": 0,
			"children": [0, 1, 2, 3, 4, 5, 6]
		}
	]
}