{
	"credit": "Made with Blockbench",
	"textures": {
		"0": "item/up_icon",
		"particle": "item/up_icon"
	},
	"elements": [
		{
			"name": "up_icon_0",
			"from": [7, 1, 8],
			"to": [9, 15, 9],
			"rotation": {"angle": 0, "axis": "y", "origin": [0, 0, 8]},
			"faces": {
				"north": {"uv": [9, 1, 7, 15], "texture": "#0"},
				"east": {"uv": [8, 1, 9, 15], "texture": "#0"},
				"south": {"uv": [7, 1, 9, 15], "texture": "#0"},
				"west": {"uv": [7, 1, 8, 15], "texture": "#0"},
				"up": {"uv": [7, 1, 9, 2], "texture": "#0"},
				"down": {"uv": [7, 14, 9, 15], "texture": "#0"}
			}
		},
		{
			"name": "up_icon_1",
			"from": [6, 1, 8],
			"to": [7, 14, 9],
			"rotation": {"angle": 0, "axis": "y", "origin": [0, 0, 8]},
			"faces": {
				"north": {"uv": [7, 2, 6, 15], "texture": "#0"},
				"east": {"uv": [6, 2, 7, 15], "texture": "#0"},
				"south": {"uv": [6, 2, 7, 15], "texture": "#0"},
				"west": {"uv": [6, 2, 7, 15], "texture": "#0"},
				"up": {"uv": [6, 2, 7, 3], "texture": "#0"},
				"down": {"uv": [6, 14, 7, 15], "texture": "#0"}
			}
		},
		{
			"name": "up_icon_2",
			"from": [9, 1, 8],
			"to": [10, 14, 9],
			"rotation": {"angle": 0, "axis": "y", "origin": [0, 0, 8]},
			"faces": {
				"north": {"uv": [10, 2, 9, 15], "texture": "#0"},
				"east": {"uv": [9, 2, 10, 15], "texture": "#0"},
				"south": {"uv": [9, 2, 10, 15], "texture": "#0"},
				"west": {"uv": [9, 2, 10, 15], "texture": "#0"},
				"up": {"uv": [9, 2, 10, 3], "texture": "#0"},
				"down": {"uv": [9, 14, 10, 15], "texture": "#0"}
			}
		},
		{
			"name": "up_icon_3",
			"from": [5, 1, 8],
			"to": [6, 13, 9],
			"rotation": {"angle": 0, "axis": "y", "origin": [0, 0, 8]},
			"faces": {
				"north": {"uv": [6, 3, 5, 15], "texture": "#0"},
				"east": {"uv": [5, 3, 6, 15], "texture": "#0"},
				"south": {"uv": [5, 3, 6, 15], "texture": "#0"},
				"west": {"uv": [5, 3, 6, 15], "texture": "#0"},
				"up": {"uv": [5, 3, 6, 4], "texture": "#0"},
				"down": {"uv": [5, 14, 6, 15], "texture": "#0"}
			}
		},
		{
			"name": "up_icon_4",
			"from": [10, 1, 8],
			"to": [11, 13, 9],
			"rotation": {"angle": 0, "axis": "y", "origin": [0, 0, 8]},
			"faces": {
				"north": {"uv": [11, 3, 10, 15], "texture": "#0"},
				"east": {"uv": [10, 3, 11, 15], "texture": "#0"},
				"south": {"uv": [10, 3, 11, 15], "texture": "#0"},
				"west": {"uv": [10, 3, 11, 15], "texture": "#0"},
				"up": {"uv": [10, 3, 11, 4], "texture": "#0"},
				"down": {"uv": [10, 14, 11, 15], "texture": "#0"}
			}
		},
		{
			"name": "up_icon_5",
			"from": [4, 7, 8],
			"to": [5, 12, 9],
			"rotation": {"angle": 0, "axis": "y", "origin": [0, 0, 8]},
			"faces": {
				"north": {"uv": [5, 4, 4, 9], "texture": "#0"},
				"east": {"uv": [4, 4, 5, 9], "texture": "#0"},
				"south": {"uv": [4, 4, 5, 9], "texture": "#0"},
				"west": {"uv": [4, 4, 5, 9], "texture": "#0"},
				"up": {"uv": [4, 4, 5, 5], "texture": "#0"},
				"down": {"uv": [4, 8, 5, 9], "texture": "#0"}
			}
		},
		{
			"name": "up_icon_6",
			"from": [11, 7, 8],
			"to": [12, 12, 9],
			"rotation": {"angle": 0, "axis": "y", "origin": [0, 0, 8]},
			"faces": {
				"north": {"uv": [12, 4, 11, 9], "texture": "#0"},
				"east": {"uv": [11, 4, 12, 9], "texture": "#0"},
				"south": {"uv": [11, 4, 12, 9], "texture": "#0"},
				"west": {"uv": [11, 4, 12, 9], "texture": "#0"},
				"up": {"uv": [11, 4, 12, 5], "texture": "#0"},
				"down": {"uv": [11, 8, 12, 9], "texture": "#0"}
			}
		},
		{
			"name": "up_icon_7",
			"from": [3, 7, 8],
			"to": [4, 11, 9],
			"rotation": {"angle": 0, "axis": "y", "origin": [0, 0, 8]},
			"faces": {
				"north": {"uv": [4, 5, 3, 9], "texture": "#0"},
				"east": {"uv": [3, 5, 4, 9], "texture": "#0"},
				"south": {"uv": [3, 5, 4, 9], "texture": "#0"},
				"west": {"uv": [3, 5, 4, 9], "texture": "#0"},
				"up": {"uv": [3, 5, 4, 6], "texture": "#0"},
				"down": {"uv": [3, 8, 4, 9], "texture": "#0"}
			}
		},
		{
			"name": "up_icon_8",
			"from": [12, 7, 8],
			"to": [13, 11, 9],
			"rotation": {"angle": 0, "axis": "y", "origin": [0, 0, 8]},
			"faces": {
				"north": {"uv": [13, 5, 12, 9], "texture": "#0"},
				"east": {"uv": [12, 5, 13, 9], "texture": "#0"},
				"south": {"uv": [12, 5, 13, 9], "texture": "#0"},
				"west": {"uv": [12, 5, 13, 9], "texture": "#0"},
				"up": {"uv": [12, 5, 13, 6], "texture": "#0"},
				"down": {"uv": [12, 8, 13, 9], "texture": "#0"}
			}
		},
		{
			"name": "up_icon_9",
			"from": [2, 7, 8],
			"to": [3, 10, 9],
			"rotation": {"angle": 0, "axis": "y", "origin": [0, 0, 8]},
			"faces": {
				"north": {"uv": [3, 6, 2, 9], "texture": "#0"},
				"east": {"uv": [2, 6, 3, 9], "texture": "#0"},
				"south": {"uv": [2, 6, 3, 9], "texture": "#0"},
				"west": {"uv": [2, 6, 3, 9], "texture": "#0"},
				"up": {"uv": [2, 6, 3, 7], "texture": "#0"},
				"down": {"uv": [2, 8, 3, 9], "texture": "#0"}
			}
		},
		{
			"name": "up_icon_10",
			"from": [13, 7, 8],
			"to": [14, 10, 9],
			"rotation": {"angle": 0, "axis": "y", "origin": [0, 0, 8]},
			"faces": {
				"north": {"uv": [14, 6, 13, 9], "texture": "#0"},
				"east": {"uv": [13, 6, 14, 9], "texture": "#0"},
				"south": {"uv": [13, 6, 14, 9], "texture": "#0"},
				"west": {"uv": [13, 6, 14, 9], "texture": "#0"},
				"up": {"uv": [13, 6, 14, 7], "texture": "#0"},
				"down": {"uv": [13, 8, 14, 9], "texture": "#0"}
			}
		}
	],
	"display": {
		"thirdperson_righthand": {
			"rotation": [0, -90, 25],
			"translation": [1.13, 3.2, 1.13],
			"scale": [0, 0, 0]
		},
		"thirdperson_lefthand": {
			"rotation": [0, -90, 25],
			"translation": [1.13, 3.2, 1.13],
			"scale": [0, 0, 0]
		},
		"firstperson_righthand": {
			"rotation": [0, -90, 25],
			"translation": [1.13, 3.2, 1.13],
			"scale": [0, 0, 0]
		},
		"firstperson_lefthand": {
			"rotation": [0, -90, 25],
			"translation": [1.13, 3.2, 1.13],
			"scale": [0, 0, 0]
		},
		"ground": {
			"translation": [0, 2, 0],
			"scale": [0.5, 0.5, 0.5]
		},
		"head": {
			"rotation": [0, 180, 0],
			"translation": [0, 13, 7]
		},
		"fixed": {
			"rotation": [0, 180, 0]
		}
	},
	"groups": [
		{
			"name": "up_icon",
			"origin": [8, 8, 8],
			"color": 0,
			"children": [0, 1, 2, 3, 4, 5, 6, 7, 8, 9, 10]
		}
	]
}