{
	"credit": "Made with Blockbench",
	"texture_size": [64, 64],
	"textures": {
		"0": "item/togori_pistol",
		"particle": "item/togori_pistol"
	},
	"elements": [
		{
			"from": [12, 7, 5],
			"to": [16, 11, 9],
			"rotation": {"angle": 0, "axis": "y", "origin": [6.25987, 5.25821, 7]},
			"faces": {
				"north": {"uv": [0, 5.75, 1, 6.75], "texture": "#0"},
				"east": {"uv": [1, 5.75, 2, 6.75], "texture": "#0"},
				"south": {"uv": [2, 5.75, 3, 6.75], "texture": "#0"},
				"west": {"uv": [5.75, 2, 6.75, 3], "texture": "#0"},
				"up": {"uv": [6.75, 4, 5.75, 3], "texture": "#0"},
				"down": {"uv": [6.75, 4, 5.75, 5], "texture": "#0"}
			}
		},
		{
			"from": [-3, 7, 5],
			"to": [5, 11, 9],
			"rotation": {"angle": 0, "axis": "y", "origin": [6.25987, 5.25821, 7]},
			"faces": {
				"north": {"uv": [0, 4, 2, 5], "texture": "#0"},
				"east": {"uv": [6, 5, 7, 6], "texture": "#0"},
				"south": {"uv": [4, 0, 6, 1], "texture": "#0"},
				"west": {"uv": [6, 6, 7, 7], "texture": "#0"},
				"up": {"uv": [6, 2, 4, 1], "texture": "#0"},
				"down": {"uv": [4, 4, 2, 5], "texture": "#0"}
			}
		},
		{
			"from": [-2.75, 7.75, 6.75],
			"to": [-1.25, 11.5, 7.25],
			"rotation": {"angle": 0, "axis": "y", "origin": [6.25987, 5.25821, 7]},
			"faces": {
				"north": {"uv": [3, 5.75, 3.5, 6.75], "texture": "#0"},
				"east": {"uv": [3.75, 7, 4, 8], "texture": "#0"},
				"south": {"uv": [5.25, 6.5, 5.75, 7.5], "texture": "#0"},
				"west": {"uv": [6.75, 7, 7, 8], "texture": "#0"},
				"up": {"uv": [6, 7.75, 5.5, 7.5], "texture": "#0"},
				"down": {"uv": [6.5, 7.5, 6, 7.75], "texture": "#0"}
			}
		},
		{
			"from": [-3.06698, 4.40097, 6.75],
			"to": [-1.56698, 8.15097, 7.25],
			"rotation": {"angle": -22.5, "axis": "z", "origin": [6.25987, 5.25821, 7]},
			"faces": {
				"north": {"uv": [0, 7, 0.5, 8], "texture": "#0"},
				"east": {"uv": [7, 7, 7.25, 8], "texture": "#0"},
				"south": {"uv": [7, 0, 7.5, 1], "texture": "#0"},
				"west": {"uv": [2, 7.25, 2.25, 8.25], "texture": "#0"},
				"up": {"uv": [8, 6.25, 7.5, 6], "texture": "#0"},
				"down": {"uv": [8, 6.25, 7.5, 6.5], "texture": "#0"}
			}
		},
		{
			"from": [13.97538, 7.75, 5.75],
			"to": [14.72538, 11.5, 8.25],
			"rotation": {"angle": 0, "axis": "y", "origin": [14.36269, 9.55286, 7]},
			"faces": {
				"north": {"uv": [5.25, 6.5, 5.75, 7.5], "texture": "#0"},
				"east": {"uv": [6.75, 7, 7, 8], "texture": "#0"},
				"south": {"uv": [3, 5.75, 3.5, 6.75], "texture": "#0"},
				"west": {"uv": [3.75, 7, 4, 8], "texture": "#0"},
				"up": {"uv": [6, 7.75, 5.5, 7.5], "rotation": 180, "texture": "#0"},
				"down": {"uv": [6.5, 7.5, 6, 7.75], "rotation": 180, "texture": "#0"}
			}
		},
		{
			"from": [13.25, 7.75, 5.75],
			"to": [14.75, 11.5, 8.25],
			"rotation": {"angle": 22.5, "axis": "z", "origin": [14.36269, 9.55286, 7]},
			"faces": {
				"north": {"uv": [7, 0, 7.5, 1], "texture": "#0"},
				"east": {"uv": [2, 7.25, 2.25, 8.25], "texture": "#0"},
				"south": {"uv": [0, 7, 0.5, 8], "texture": "#0"},
				"west": {"uv": [7, 7, 7.25, 8], "texture": "#0"},
				"up": {"uv": [8, 6.25, 7.5, 6], "rotation": 180, "texture": "#0"},
				"down": {"uv": [8, 6.25, 7.5, 6.5], "rotation": 180, "texture": "#0"}
			}
		},
		{
			"from": [-3.5, 6.90405, 8.64585],
			"to": [-3, 8.90405, 10.64585],
			"rotation": {"angle": -45, "axis": "x", "origin": [6.25987, 5.25821, 7]},
			"faces": {
				"north": {"uv": [4, 7.5, 4.25, 8], "texture": "#0"},
				"east": {"uv": [7, 6, 7.5, 6.5], "texture": "#0"},
				"south": {"uv": [4.25, 7.5, 4.5, 8], "texture": "#0"},
				"west": {"uv": [7, 6.5, 7.5, 7], "texture": "#0"},
				"up": {"uv": [4.75, 8, 4.5, 7.5], "texture": "#0"},
				"down": {"uv": [5.5, 7.5, 5.25, 8], "texture": "#0"}
			}
		},
		{
			"from": [-2.5, 6, 5.5],
			"to": [13, 7, 8.5],
			"rotation": {"angle": 0, "axis": "y", "origin": [6.25987, 5.25821, 7]},
			"faces": {
				"north": {"uv": [0, 6.75, 4, 7], "texture": "#0"},
				"east": {"uv": [5.75, 7.25, 6.5, 7.5], "texture": "#0"},
				"south": {"uv": [6.75, 2, 10.75, 2.25], "texture": "#0"},
				"west": {"uv": [7.25, 7, 8, 7.25], "texture": "#0"},
				"up": {"uv": [4, 0.75, 0, 0], "texture": "#0"},
				"down": {"uv": [4, 0.75, 0, 1.5], "texture": "#0"}
			}
		},
		{
			"from": [6.75, 4.5, 5.5],
			"to": [7.25, 6, 8.5],
			"rotation": {"angle": 0, "axis": "y", "origin": [6.25987, 5.25821, 7]},
			"faces": {
				"north": {"uv": [5.75, 5, 6, 5.5], "texture": "#0"},
				"east": {"uv": [0.5, 7, 1.25, 7.5], "texture": "#0"},
				"south": {"uv": [5.75, 6.5, 6, 7], "texture": "#0"},
				"west": {"uv": [7, 1, 7.75, 1.5], "texture": "#0"},
				"up": {"uv": [3.25, 8, 3, 7.25], "texture": "#0"},
				"down": {"uv": [5, 7.25, 4.75, 8], "texture": "#0"}
			}
		},
		{
			"from": [10.29037, 3.20569, 6.5],
			"to": [12.04037, 4.45569, 7.5],
			"rotation": {"angle": 22.5, "axis": "z", "origin": [6.25987, 5.25821, 7]},
			"faces": {
				"north": {"uv": [3.5, 6.5, 4, 6.75], "texture": "#0"},
				"east": {"uv": [7.5, 6.5, 7.75, 6.75], "texture": "#0"},
				"south": {"uv": [0.75, 7.5, 1.25, 7.75], "texture": "#0"},
				"west": {"uv": [7.5, 6.75, 7.75, 7], "texture": "#0"},
				"up": {"uv": [8, 1, 7.5, 0.75], "texture": "#0"},
				"down": {"uv": [1.75, 7.5, 1.25, 7.75], "texture": "#0"}
			}
		},
		{
			"from": [10.48799, 5.58362, 6.5],
			"to": [11.73799, 6.83362, 7.5],
			"rotation": {"angle": -22.5, "axis": "z", "origin": [6.25987, 5.25821, 7]},
			"faces": {
				"north": {"uv": [7.25, 7.5, 7.5, 7.75], "texture": "#0"},
				"east": {"uv": [7.5, 7.5, 7.75, 7.75], "texture": "#0"},
				"south": {"uv": [7.75, 0.25, 8, 0.5], "texture": "#0"},
				"west": {"uv": [7.75, 0.5, 8, 0.75], "texture": "#0"},
				"up": {"uv": [1, 8, 0.75, 7.75], "texture": "#0"},
				"down": {"uv": [1.25, 7.75, 1, 8], "texture": "#0"}
			}
		},
		{
			"from": [10.75, 3.75, 6.5],
			"to": [13, 5.75, 7.5],
			"rotation": {"angle": 0, "axis": "y", "origin": [6.25987, 5.25821, 7]},
			"faces": {
				"north": {"uv": [3.5, 5, 4, 5.5], "texture": "#0"},
				"east": {"uv": [1.75, 7.5, 2, 8], "texture": "#0"},
				"south": {"uv": [3.25, 7, 3.75, 7.5], "texture": "#0"},
				"west": {"uv": [2.25, 7.5, 2.5, 8], "texture": "#0"},
				"up": {"uv": [3, 7.75, 2.5, 7.5], "texture": "#0"},
				"down": {"uv": [3.75, 7.5, 3.25, 7.75], "texture": "#0"}
			}
		},
		{
			"from": [7.81066, 3.43934, 5.5],
			"to": [12.31066, 3.93934, 8.5],
			"rotation": {"angle": 0, "axis": "y", "origin": [6.25987, 5.25821, 7]},
			"faces": {
				"north": {"uv": [2, 7, 3.25, 7.25], "texture": "#0"},
				"east": {"uv": [7.25, 7.25, 8, 7.5], "texture": "#0"},
				"south": {"uv": [7, 5, 8.25, 5.25], "texture": "#0"},
				"west": {"uv": [7.5, 0, 8.25, 0.25], "texture": "#0"},
				"up": {"uv": [5.25, 7.25, 4, 6.5], "texture": "#0"},
				"down": {"uv": [8, 2.25, 6.75, 3], "texture": "#0"}
			}
		},
		{
			"from": [6.07031, 2.8755, 5.5],
			"to": [6.57031, 4.3755, 8.5],
			"rotation": {"angle": 45, "axis": "z", "origin": [6.25987, 5.25821, 7]},
			"faces": {
				"north": {"uv": [7.5, 0.25, 7.75, 0.75], "texture": "#0"},
				"east": {"uv": [1.25, 7, 2, 7.5], "texture": "#0"},
				"south": {"uv": [0.5, 7.5, 0.75, 8], "texture": "#0"},
				"west": {"uv": [7, 1.5, 7.75, 2], "texture": "#0"},
				"up": {"uv": [5.25, 8, 5, 7.25], "texture": "#0"},
				"down": {"uv": [6.75, 7.25, 6.5, 8], "texture": "#0"}
			}
		},
		{
			"from": [5, 7, 5],
			"to": [12, 10, 9],
			"rotation": {"angle": 0, "axis": "y", "origin": [6.25987, 5.25821, 7]},
			"faces": {
				"north": {"uv": [4, 4, 5.75, 4.75], "texture": "#0"},
				"east": {"uv": [6.75, 3, 7.75, 3.75], "texture": "#0"},
				"south": {"uv": [4, 4.75, 5.75, 5.5], "texture": "#0"},
				"west": {"uv": [6.75, 3.75, 7.75, 4.5], "texture": "#0"},
				"up": {"uv": [5.75, 3, 4, 2], "texture": "#0"},
				"down": {"uv": [5.75, 3, 4, 4], "texture": "#0"}
			}
		},
		{
			"from": [5, 10, 5.5],
			"to": [12, 10.95, 8.5],
			"rotation": {"angle": 0, "axis": "y", "origin": [6.25987, 5.25821, 7]},
			"faces": {
				"north": {"uv": [6.75, 4.5, 8.5, 4.75], "texture": "#0"},
				"east": {"uv": [2.25, 7.25, 3, 7.5], "texture": "#0"},
				"south": {"uv": [6.75, 4.75, 8.5, 5], "texture": "#0"},
				"west": {"uv": [4, 7.25, 4.75, 7.5], "texture": "#0"},
				"up": {"uv": [1.75, 5.75, 0, 5], "texture": "#0"},
				"down": {"uv": [3.5, 5, 1.75, 5.75], "texture": "#0"}
			}
		},
		{
			"from": [11.04946, -2.70075, 5.25],
			"to": [15.04946, 7.29925, 8.75],
			"rotation": {"angle": 22.5, "axis": "z", "origin": [6.25987, 5.25821, 7]},
			"faces": {
				"north": {"uv": [0, 1.5, 1, 4], "texture": "#0"},
				"east": {"uv": [1, 1.5, 2, 4], "texture": "#0"},
				"south": {"uv": [2, 1.5, 3, 4], "texture": "#0"},
				"west": {"uv": [3, 1.5, 4, 4], "texture": "#0"},
				"up": {"uv": [7, 1, 6, 0], "texture": "#0"},
				"down": {"uv": [7, 1, 6, 2], "texture": "#0"}
			}
		},
		{
			"from": [10.79946, -3.70075, 5],
			"to": [15.29946, -2.70075, 9],
			"rotation": {"angle": 22.5, "axis": "z", "origin": [6.25987, 5.25821, 7]},
			"faces": {
				"north": {"uv": [7, 5.25, 8.25, 5.5], "texture": "#0"},
				"east": {"uv": [5.75, 7, 6.75, 7.25], "texture": "#0"},
				"south": {"uv": [7, 5.5, 8.25, 5.75], "texture": "#0"},
				"west": {"uv": [7, 5.75, 8, 6], "texture": "#0"},
				"up": {"uv": [4.75, 6.5, 3.5, 5.5], "texture": "#0"},
				"down": {"uv": [6, 5.5, 4.75, 6.5], "texture": "#0"}
			}
		}
	],
	"display": {
		"thirdperson_righthand": {
			"rotation": [-3, -90, 0],
			"translation": [-1.5, -0.25, -3.5],
			"scale": [0.5, 0.5, 0.5]
		},
		"thirdperson_lefthand": {
			"rotation": [-3, 90, 0],
			"translation": [-0.25, -0.25, -3.5],
			"scale": [0.5, 0.5, 0.5]
		},
		"firstperson_righthand": {
			"rotation": [0, -87.75, 0],
			"translation": [0.5, 3.75, 0],
			"scale": [0.5, 0.5, 0.5]
		},
		"firstperson_lefthand": {
			"rotation": [0, 87.75, 0],
			"translation": [0.5, 3.75, 0],
			"scale": [0.5, 0.5, 0.5]
		},
		"ground": {
			"translation": [0, 2.5, 0],
			"scale": [0.5, 0.5, 0.5]
		},
		"gui": {
			"rotation": [14.25, 30.5, -55.25],
			"translation": [0, 2, 0],
			"scale": [0.5, 0.5, 0.5]
		},
		"head": {
			"translation": [17.75, -0.75, 0]
		},
		"fixed": {
			"rotation": [0, 0, -41.25],
			"translation": [1.5, 0, 0]
		}
	}
}