{
  "goofball.soundtrack.double_time": {
    "sounds": [
      "bingdom:double_time"]
    },
  "goofball.soundtrack.masquerade": {
    "sounds": [
      "bingdom:masquerade"]
    },
  "goofball.soundtrack.guiseppes_theme": {
    "sounds": [
      "bingdom:guiseppes_theme"]
    },
  "goofball.soundtrack.bowled_as_brass": {
    "sounds": [
      "bingdom:bowled_as_brass"]
    },
  "ambient.wabungus": {
    "sounds": [
      "bingdom:wabungus"]
    },
  "dojo.balisong": {
    "sounds": [
      "bingdom:balisong"]
    },
  "dojo.soundtrack.pagoda": {
    "sounds": [
      "bingdom:pagoda"]
    },
  "dojo.soundtrack.gardens": {
    "sounds": [
      "bingdom:gardens"]
    },
  "dojo.soundtrack.paint_the_world_red": {
    "sounds": [
      "bingdom:paint_the_world_red"]
    },
  "dojo.soundtrack.fire": {
    "sounds": [
      "bingdom:fire"]
    },
  "dojo.soundtrack.lobby.1": {
    "sounds": [
      "bingdom:lobby1"]
    },
  "dojo.soundtrack.lobby.2": {
    "sounds": [
      "bingdom:lobby2"]
    },
  "dojo.soundtrack.lobby.3": {
    "sounds": [
      "bingdom:lobby3"]
    },
  "dojo.soundtrack.lobby.4": {
    "sounds": [
      "bingdom:lobby4"]
    },
  "misc.murloc": {
    "sounds": [
      "bingdom:murloc"]
    },
  "the_chamber.jackpot": {
    "sounds": [
      "bingdom:jackpot"]
    },
  "misc.sad_spongebob": {
    "sounds": [
      "bingdom:sad_spongebob"]
    }
}