{
	"credit": "Made with Blockbench",
	"texture_size": [64, 64],
	"textures": {
		"0": "item/key_to_the_city",
		"particle": "item/key_to_the_city"
	},
	"elements": [
		{
			"from": [7, 8, -7],
			"to": [9, 10, 9],
			"rotation": {"angle": 0, "axis": "y", "origin": [8, 10, -3]},
			"faces": {
				"north": {"uv": [4.5, 5.75, 5, 6.25], "texture": "#0"},
				"east": {"uv": [1.5, 0, 5.5, 0.5], "texture": "#0"},
				"south": {"uv": [5, 5.75, 5.5, 6.25], "texture": "#0"},
				"west": {"uv": [5.5, 0, 1.5, 0.5], "texture": "#0"},
				"up": {"uv": [2, 5, 1.5, 1], "texture": "#0"},
				"down": {"uv": [2.5, 1, 2, 5], "texture": "#0"}
			}
		},
		{
			"from": [7, 5, -5],
			"to": [9, 8, 0],
			"rotation": {"angle": 0, "axis": "y", "origin": [8, 10, -2]},
			"faces": {
				"north": {"uv": [5.5, 4.25, 6, 5], "texture": "#0"},
				"east": {"uv": [2.5, 1, 3.75, 1.75], "texture": "#0"},
				"south": {"uv": [5.5, 5, 6, 5.75], "texture": "#0"},
				"west": {"uv": [3.75, 1, 2.5, 1.75], "texture": "#0"},
				"up": {"uv": [4.25, 2.25, 3.75, 1], "texture": "#0"},
				"down": {"uv": [4.5, 3.5, 4, 4.75], "texture": "#0"}
			}
		},
		{
			"from": [7, 3, -2],
			"to": [9, 5, 1],
			"rotation": {"angle": 0, "axis": "y", "origin": [8, 6, -2]},
			"faces": {
				"north": {"uv": [0, 6.25, 0.5, 6.75], "texture": "#0"},
				"east": {"uv": [0, 5.75, 0.75, 6.25], "texture": "#0"},
				"south": {"uv": [1, 6.25, 1.5, 6.75], "texture": "#0"},
				"west": {"uv": [0.75, 5.75, 0, 6.25], "texture": "#0"},
				"up": {"uv": [6.25, 2, 5.75, 1.25], "texture": "#0"},
				"down": {"uv": [2, 5.75, 1.5, 6.5], "texture": "#0"}
			}
		},
		{
			"from": [7, 3, -6],
			"to": [9, 5, -3],
			"rotation": {"angle": 0, "axis": "y", "origin": [8, 6, -6]},
			"faces": {
				"north": {"uv": [6.25, 1.25, 6.75, 1.75], "texture": "#0"},
				"east": {"uv": [2, 5.75, 2.75, 6.25], "texture": "#0"},
				"south": {"uv": [2, 6.25, 2.5, 6.75], "texture": "#0"},
				"west": {"uv": [2.75, 5.75, 2, 6.25], "texture": "#0"},
				"up": {"uv": [3.25, 6.5, 2.75, 5.75], "texture": "#0"},
				"down": {"uv": [3.75, 5.75, 3.25, 6.5], "texture": "#0"}
			}
		},
		{
			"from": [6.9, 7.9, 5.9],
			"to": [9.1, 10.1, 9.1],
			"rotation": {"angle": 0, "axis": "y", "origin": [8, 10, -3]},
			"faces": {
				"east": {"uv": [5.5, 2.5, 6.25, 3], "texture": "#0"},
				"west": {"uv": [6.25, 2.5, 5.5, 3], "texture": "#0"},
				"up": {"uv": [6, 4.25, 5.5, 3.5], "texture": "#0"},
				"down": {"uv": [4.5, 5.5, 4, 6.25], "texture": "#0"}
			}
		},
		{
			"from": [6.9, 7.9, -6.1],
			"to": [9.1, 10.1, 1.1],
			"rotation": {"angle": 0, "axis": "y", "origin": [8, 10, -15]},
			"faces": {
				"east": {"uv": [2.5, 2.5, 4.25, 3], "texture": "#0"},
				"west": {"uv": [4.25, 2.5, 2.5, 3], "texture": "#0"},
				"up": {"uv": [0.5, 4.75, 0, 3], "texture": "#0"},
				"down": {"uv": [1, 3, 0.5, 4.75], "texture": "#0"}
			}
		},
		{
			"from": [7, 6, 12],
			"to": [9, 12, 18],
			"rotation": {"angle": 0, "axis": "x", "origin": [8, 9, 15]},
			"faces": {
				"north": {"uv": [1, 3, 1.5, 4.5], "texture": "#0"},
				"east": {"uv": [0, 0, 1.5, 1.5], "texture": "#0"},
				"south": {"uv": [2.5, 3.5, 3, 5], "texture": "#0"},
				"west": {"uv": [0, 1.5, 1.5, 3], "texture": "#0"},
				"up": {"uv": [3.5, 5, 3, 3.5], "texture": "#0"},
				"down": {"uv": [4, 3.5, 3.5, 5], "texture": "#0"}
			}
		},
		{
			"from": [7, 11, 9],
			"to": [9, 12, 12],
			"rotation": {"angle": 0, "axis": "x", "origin": [8, 9, 15]},
			"faces": {
				"north": {"uv": [5.5, 6.5, 6, 6.75], "texture": "#0"},
				"east": {"uv": [6, 5.5, 6.75, 5.75], "texture": "#0"},
				"south": {"uv": [6.5, 5.75, 7, 6], "texture": "#0"},
				"west": {"uv": [6.25, 1.75, 7, 2], "texture": "#0"},
				"up": {"uv": [5.5, 4.25, 5, 3.5], "texture": "#0"},
				"down": {"uv": [5.5, 4.25, 5, 5], "texture": "#0"}
			}
		},
		{
			"from": [7, 11, 18],
			"to": [9, 12, 21],
			"rotation": {"angle": 0, "axis": "x", "origin": [8, 9, 24]},
			"faces": {
				"north": {"uv": [1.25, 6.75, 1.75, 7], "texture": "#0"},
				"east": {"uv": [6.5, 0.75, 7.25, 1], "texture": "#0"},
				"south": {"uv": [6.75, 1.25, 7.25, 1.5], "texture": "#0"},
				"west": {"uv": [6.5, 1, 7.25, 1.25], "texture": "#0"},
				"up": {"uv": [5.75, 1.75, 5.25, 1], "texture": "#0"},
				"down": {"uv": [5.75, 1.75, 5.25, 2.5], "texture": "#0"}
			}
		},
		{
			"from": [7, 6, 9],
			"to": [9, 7, 12],
			"rotation": {"angle": 0, "axis": "x", "origin": [8, 4, 15]},
			"faces": {
				"north": {"uv": [6, 6.5, 6.5, 6.75], "texture": "#0"},
				"east": {"uv": [6.25, 5, 7, 5.25], "texture": "#0"},
				"south": {"uv": [6.5, 6, 7, 6.25], "texture": "#0"},
				"west": {"uv": [6.25, 5.25, 7, 5.5], "texture": "#0"},
				"up": {"uv": [5, 5.75, 4.5, 5], "texture": "#0"},
				"down": {"uv": [5.5, 5, 5, 5.75], "texture": "#0"}
			}
		},
		{
			"from": [7, 6, 18],
			"to": [9, 7, 21],
			"rotation": {"angle": 0, "axis": "x", "origin": [8, 4, 24]},
			"faces": {
				"north": {"uv": [6.75, 1.5, 7.25, 1.75], "texture": "#0"},
				"east": {"uv": [6.5, 2, 7.25, 2.25], "texture": "#0"},
				"south": {"uv": [1.75, 6.75, 2.25, 7], "texture": "#0"},
				"west": {"uv": [6.5, 2.25, 7.25, 2.5], "texture": "#0"},
				"up": {"uv": [6, 0.75, 5.5, 0], "texture": "#0"},
				"down": {"uv": [1.5, 5.5, 1, 6.25], "texture": "#0"}
			}
		},
		{
			"from": [7, 7, 9],
			"to": [9, 11, 10],
			"rotation": {"angle": 0, "axis": "x", "origin": [8, 4, 15]},
			"faces": {
				"north": {"uv": [4.5, 4, 5, 5], "texture": "#0"},
				"east": {"uv": [0.75, 5.75, 1, 6.75], "texture": "#0"},
				"south": {"uv": [0, 4.75, 0.5, 5.75], "texture": "#0"},
				"west": {"uv": [3.75, 5.75, 4, 6.75], "texture": "#0"},
				"up": {"uv": [7, 6.5, 6.5, 6.25], "texture": "#0"},
				"down": {"uv": [7, 6.5, 6.5, 6.75], "texture": "#0"}
			}
		},
		{
			"from": [7, 7, 20],
			"to": [9, 11, 21],
			"rotation": {"angle": 0, "axis": "x", "origin": [8, 4, 26]},
			"faces": {
				"north": {"uv": [0.5, 4.75, 1, 5.75], "texture": "#0"},
				"east": {"uv": [6, 3.5, 6.25, 4.5], "texture": "#0"},
				"south": {"uv": [4.75, 1, 5.25, 2], "texture": "#0"},
				"west": {"uv": [6, 4.5, 6.25, 5.5], "texture": "#0"},
				"up": {"uv": [0.5, 7, 0, 6.75], "texture": "#0"},
				"down": {"uv": [1.25, 6.75, 0.75, 7], "texture": "#0"}
			}
		},
		{
			"from": [7, 12, 12],
			"to": [9, 15, 13],
			"rotation": {"angle": 0, "axis": "x", "origin": [8, 15, 15]},
			"faces": {
				"north": {"uv": [4.75, 2, 5.25, 2.75], "texture": "#0"},
				"east": {"uv": [0.5, 6.25, 0.75, 7], "texture": "#0"},
				"south": {"uv": [4, 4.75, 4.5, 5.5], "texture": "#0"},
				"west": {"uv": [2.5, 6.25, 2.75, 7], "texture": "#0"},
				"up": {"uv": [4.25, 2.5, 3.75, 2.25], "texture": "#0"},
				"down": {"uv": [5.5, 6.25, 5, 6.5], "texture": "#0"}
			}
		},
		{
			"from": [7, 12, 17],
			"to": [9, 15, 18],
			"rotation": {"angle": 0, "axis": "x", "origin": [8, 15, 20]},
			"faces": {
				"north": {"uv": [1.5, 5, 2, 5.75], "texture": "#0"},
				"east": {"uv": [6.25, 3.5, 6.5, 4.25], "texture": "#0"},
				"south": {"uv": [2, 5, 2.5, 5.75], "texture": "#0"},
				"west": {"uv": [4, 6.25, 4.25, 7], "texture": "#0"},
				"up": {"uv": [2, 6.75, 1.5, 6.5], "texture": "#0"},
				"down": {"uv": [3.25, 6.5, 2.75, 6.75], "texture": "#0"}
			}
		},
		{
			"from": [7, 14, 13],
			"to": [9, 15, 17],
			"rotation": {"angle": 0, "axis": "x", "origin": [8, 15, 20]},
			"faces": {
				"north": {"uv": [3.25, 6.5, 3.75, 6.75], "texture": "#0"},
				"east": {"uv": [5.5, 5.75, 6.5, 6], "texture": "#0"},
				"south": {"uv": [6.5, 3.5, 7, 3.75], "texture": "#0"},
				"west": {"uv": [6, 0, 7, 0.25], "texture": "#0"},
				"up": {"uv": [4.75, 2, 4.25, 1], "texture": "#0"},
				"down": {"uv": [4.75, 2, 4.25, 3], "texture": "#0"}
			}
		},
		{
			"from": [7, 3, 17],
			"to": [9, 6, 18],
			"rotation": {"angle": 0, "axis": "x", "origin": [8, 6, 20]},
			"faces": {
				"north": {"uv": [3, 5, 3.5, 5.75], "texture": "#0"},
				"east": {"uv": [4.5, 6.25, 4.75, 7], "texture": "#0"},
				"south": {"uv": [3.5, 5, 4, 5.75], "texture": "#0"},
				"west": {"uv": [4.75, 6.25, 5, 7], "texture": "#0"},
				"up": {"uv": [7, 5, 6.5, 4.75], "texture": "#0"},
				"down": {"uv": [5.5, 6.5, 5, 6.75], "texture": "#0"}
			}
		},
		{
			"from": [7, 3, 13],
			"to": [9, 4, 17],
			"rotation": {"angle": 0, "axis": "x", "origin": [8, 4, 20]},
			"faces": {
				"north": {"uv": [6.5, 4.25, 7, 4.5], "texture": "#0"},
				"east": {"uv": [6, 0.25, 7, 0.5], "texture": "#0"},
				"south": {"uv": [6.5, 4.5, 7, 4.75], "texture": "#0"},
				"west": {"uv": [6, 0.5, 7, 0.75], "texture": "#0"},
				"up": {"uv": [1.5, 5.5, 1, 4.5], "texture": "#0"},
				"down": {"uv": [5, 3, 4.5, 4], "texture": "#0"}
			}
		},
		{
			"from": [7, 3, 12],
			"to": [9, 6, 13],
			"rotation": {"angle": 0, "axis": "x", "origin": [8, 6, 15]},
			"faces": {
				"north": {"uv": [2.5, 5, 3, 5.75], "texture": "#0"},
				"east": {"uv": [4.25, 6.25, 4.5, 7], "texture": "#0"},
				"south": {"uv": [5, 2.75, 5.5, 3.5], "texture": "#0"},
				"west": {"uv": [6.25, 4.25, 6.5, 5], "texture": "#0"},
				"up": {"uv": [7, 4, 6.5, 3.75], "texture": "#0"},
				"down": {"uv": [7, 4, 6.5, 4.25], "texture": "#0"}
			}
		},
		{
			"from": [9.1, 10.1, 9.1],
			"to": [6.9, 7.9, -7.1],
			"rotation": {"angle": 0, "axis": "y", "origin": [10, 12, 35]},
			"faces": {
				"north": {"uv": [4.5, 14, 5, 14.5], "texture": "#0"},
				"east": {"uv": [1.5, 8.25, 5.5, 8.75], "texture": "#0"},
				"south": {"uv": [5, 14, 5.5, 14.5], "texture": "#0"},
				"west": {"uv": [5.5, 8.25, 1.5, 8.75], "texture": "#0"},
				"up": {"uv": [2, 13.25, 1.5, 9.25], "texture": "#0"},
				"down": {"uv": [2.5, 9.25, 2, 13.25], "texture": "#0"}
			}
		},
		{
			"from": [9.1, 8.1, 0.1],
			"to": [6.9, 4.9, -5.1],
			"rotation": {"angle": 0, "axis": "y", "origin": [10, 13, 3]},
			"faces": {
				"north": {"uv": [5.5, 12.5, 6, 13.25], "texture": "#0"},
				"east": {"uv": [2.5, 9.25, 3.75, 10], "texture": "#0"},
				"south": {"uv": [5.5, 13.25, 6, 14], "texture": "#0"},
				"west": {"uv": [3.75, 9.25, 2.5, 10], "texture": "#0"},
				"up": {"uv": [4.25, 10.5, 3.75, 9.25], "texture": "#0"},
				"down": {"uv": [4.5, 11.75, 4, 13], "texture": "#0"}
			}
		},
		{
			"from": [9.1, 5.1, 1.1],
			"to": [6.9, 2.9, -2.1],
			"rotation": {"angle": 0, "axis": "y", "origin": [10, 8, 1]},
			"faces": {
				"north": {"uv": [0, 14.5, 0.5, 15], "texture": "#0"},
				"east": {"uv": [0, 14, 0.75, 14.5], "texture": "#0"},
				"south": {"uv": [1, 14.5, 1.5, 15], "texture": "#0"},
				"west": {"uv": [0.75, 14, 0, 14.5], "texture": "#0"},
				"up": {"uv": [6.25, 10.25, 5.75, 9.5], "texture": "#0"},
				"down": {"uv": [2, 14, 1.5, 14.75], "texture": "#0"}
			}
		},
		{
			"from": [9.1, 5.1, -2.9],
			"to": [6.9, 2.9, -6.1],
			"rotation": {"angle": 0, "axis": "y", "origin": [10, 8, -3]},
			"faces": {
				"north": {"uv": [6.25, 9.5, 6.75, 10], "texture": "#0"},
				"east": {"uv": [2, 14, 2.75, 14.5], "texture": "#0"},
				"south": {"uv": [2, 14.5, 2.5, 15], "texture": "#0"},
				"west": {"uv": [2.75, 14, 2, 14.5], "texture": "#0"},
				"up": {"uv": [3.25, 14.75, 2.75, 14], "texture": "#0"},
				"down": {"uv": [3.75, 14, 3.25, 14.75], "texture": "#0"}
			}
		},
		{
			"from": [9.1, 12.1, 18.1],
			"to": [6.9, 5.9, 11.9],
			"rotation": {"angle": 0, "axis": "x", "origin": [10, 26, 21]},
			"faces": {
				"north": {"uv": [1, 11.25, 1.5, 12.75], "texture": "#0"},
				"east": {"uv": [0, 8.25, 1.5, 9.75], "texture": "#0"},
				"south": {"uv": [2.5, 11.75, 3, 13.25], "texture": "#0"},
				"west": {"uv": [0, 9.75, 1.5, 11.25], "texture": "#0"},
				"up": {"uv": [3.5, 13.25, 3, 11.75], "texture": "#0"},
				"down": {"uv": [4, 11.75, 3.5, 13.25], "texture": "#0"}
			}
		},
		{
			"from": [9.1, 12.1, 12.1],
			"to": [6.9, 10.9, 8.9],
			"rotation": {"angle": 0, "axis": "x", "origin": [10, 10, 18]},
			"faces": {
				"north": {"uv": [5.5, 14.75, 6, 15], "texture": "#0"},
				"east": {"uv": [6, 13.75, 6.75, 14], "texture": "#0"},
				"south": {"uv": [6.5, 14, 7, 14.25], "texture": "#0"},
				"west": {"uv": [6.25, 10, 7, 10.25], "texture": "#0"},
				"up": {"uv": [5.5, 12.5, 5, 11.75], "texture": "#0"},
				"down": {"uv": [5.5, 12.5, 5, 13.25], "texture": "#0"}
			}
		},
		{
			"from": [9.1, 12.1, 21.1],
			"to": [6.9, 10.9, 17.9],
			"rotation": {"angle": 0, "axis": "x", "origin": [10, 10, 27]},
			"faces": {
				"north": {"uv": [1.25, 15, 1.75, 15.25], "texture": "#0"},
				"east": {"uv": [6.5, 9, 7.25, 9.25], "texture": "#0"},
				"south": {"uv": [6.75, 9.5, 7.25, 9.75], "texture": "#0"},
				"west": {"uv": [6.5, 9.25, 7.25, 9.5], "texture": "#0"},
				"up": {"uv": [5.75, 10, 5.25, 9.25], "texture": "#0"},
				"down": {"uv": [5.75, 10, 5.25, 10.75], "texture": "#0"}
			}
		},
		{
			"from": [9.1, 7.1, 12.1],
			"to": [6.9, 5.9, 8.9],
			"rotation": {"angle": 0, "axis": "x", "origin": [10, 5, 18]},
			"faces": {
				"north": {"uv": [6, 14.75, 6.5, 15], "texture": "#0"},
				"east": {"uv": [6.25, 13.25, 7, 13.5], "texture": "#0"},
				"south": {"uv": [6.5, 14.25, 7, 14.5], "texture": "#0"},
				"west": {"uv": [6.25, 13.5, 7, 13.75], "texture": "#0"},
				"up": {"uv": [5, 14, 4.5, 13.25], "texture": "#0"},
				"down": {"uv": [5.5, 13.25, 5, 14], "texture": "#0"}
			}
		},
		{
			"from": [9.1, 7.1, 21.1],
			"to": [6.9, 5.9, 17.9],
			"rotation": {"angle": 0, "axis": "x", "origin": [10, 5, 27]},
			"faces": {
				"north": {"uv": [6.75, 9.75, 7.25, 10], "texture": "#0"},
				"east": {"uv": [6.5, 10.25, 7.25, 10.5], "texture": "#0"},
				"south": {"uv": [1.75, 15, 2.25, 15.25], "texture": "#0"},
				"west": {"uv": [6.5, 10.5, 7.25, 10.75], "texture": "#0"},
				"up": {"uv": [6, 9, 5.5, 8.25], "texture": "#0"},
				"down": {"uv": [1.5, 13.75, 1, 14.5], "texture": "#0"}
			}
		},
		{
			"from": [9.1, 11.1, 10.1],
			"to": [6.9, 6.9, 8.9],
			"rotation": {"angle": 0, "axis": "x", "origin": [10, 8, 16]},
			"faces": {
				"north": {"uv": [4.5, 12.25, 5, 13.25], "texture": "#0"},
				"east": {"uv": [0.75, 14, 1, 15], "texture": "#0"},
				"south": {"uv": [0, 13, 0.5, 14], "texture": "#0"},
				"west": {"uv": [3.75, 14, 4, 15], "texture": "#0"},
				"up": {"uv": [7, 14.75, 6.5, 14.5], "texture": "#0"},
				"down": {"uv": [7, 14.75, 6.5, 15], "texture": "#0"}
			}
		},
		{
			"from": [9.1, 11.1, 21.1],
			"to": [6.9, 6.9, 19.9],
			"rotation": {"angle": 0, "axis": "x", "origin": [10, 8, 27]},
			"faces": {
				"north": {"uv": [0.5, 13, 1, 14], "texture": "#0"},
				"east": {"uv": [6, 11.75, 6.25, 12.75], "texture": "#0"},
				"south": {"uv": [4.75, 9.25, 5.25, 10.25], "texture": "#0"},
				"west": {"uv": [6, 12.75, 6.25, 13.75], "texture": "#0"},
				"up": {"uv": [0.5, 15.25, 0, 15], "texture": "#0"},
				"down": {"uv": [1.25, 15, 0.75, 15.25], "texture": "#0"}
			}
		},
		{
			"from": [9.1, 15.1, 13.1],
			"to": [6.9, 11.9, 11.9],
			"rotation": {"angle": 0, "axis": "x", "origin": [10, 18, 16]},
			"faces": {
				"north": {"uv": [4.75, 10.25, 5.25, 11], "texture": "#0"},
				"east": {"uv": [0.5, 14.5, 0.75, 15.25], "texture": "#0"},
				"south": {"uv": [4, 13, 4.5, 13.75], "texture": "#0"},
				"west": {"uv": [2.5, 14.5, 2.75, 15.25], "texture": "#0"},
				"down": {"uv": [5.5, 14.5, 5, 14.75], "texture": "#0"}
			}
		},
		{
			"from": [9.1, 15.1, 18.1],
			"to": [6.9, 11.9, 16.9],
			"rotation": {"angle": 0, "axis": "x", "origin": [10, 23, 21]},
			"faces": {
				"north": {"uv": [1.5, 13.25, 2, 14], "texture": "#0"},
				"east": {"uv": [6.25, 11.75, 6.5, 12.5], "texture": "#0"},
				"south": {"uv": [2, 13.25, 2.5, 14], "texture": "#0"},
				"west": {"uv": [4, 14.5, 4.25, 15.25], "texture": "#0"},
				"down": {"uv": [3.25, 14.75, 2.75, 15], "texture": "#0"}
			}
		},
		{
			"from": [9.1, 15.1, 17.1],
			"to": [6.9, 13.9, 12.9],
			"rotation": {"angle": 0, "axis": "x", "origin": [10, 16, 24]},
			"faces": {
				"north": {"uv": [4.5, 8.25, 4, 8], "texture": "#0"},
				"east": {"uv": [5.5, 8.25, 4.5, 8], "texture": "#0"},
				"south": {"uv": [3, 8.25, 2.5, 8], "texture": "#0"},
				"west": {"uv": [4, 8.25, 3, 8], "texture": "#0"},
				"up": {"uv": [4, 8.25, 4.5, 9.25], "texture": "#0"},
				"down": {"uv": [3.5, 9.25, 4, 8.25], "texture": "#0"}
			}
		},
		{
			"from": [9.1, 6.1, 18.1],
			"to": [6.9, 2.9, 16.9],
			"rotation": {"angle": 0, "axis": "x", "origin": [10, 9, 21]},
			"faces": {
				"north": {"uv": [3, 13.25, 3.5, 14], "texture": "#0"},
				"east": {"uv": [4.5, 14.5, 4.75, 15.25], "texture": "#0"},
				"south": {"uv": [3.5, 13.25, 4, 14], "texture": "#0"},
				"west": {"uv": [4.75, 14.5, 5, 15.25], "texture": "#0"},
				"up": {"uv": [7, 13.25, 6.5, 13], "texture": "#0"},
				"down": {"uv": [5.5, 14.75, 5, 15], "texture": "#0"}
			}
		},
		{
			"from": [9.1, 4.1, 17.1],
			"to": [6.9, 2.9, 12.9],
			"rotation": {"angle": 0, "axis": "x", "origin": [10, 5, 24]},
			"faces": {
				"north": {"uv": [6.5, 12.5, 7, 12.75], "texture": "#0"},
				"east": {"uv": [6, 8.5, 7, 8.75], "texture": "#0"},
				"south": {"uv": [6.5, 12.75, 7, 13], "texture": "#0"},
				"west": {"uv": [6, 8.75, 7, 9], "texture": "#0"},
				"up": {"uv": [1.5, 13.75, 1, 12.75], "texture": "#0"},
				"down": {"uv": [5, 11.25, 4.5, 12.25], "texture": "#0"}
			}
		},
		{
			"from": [9.1, 6.1, 13.1],
			"to": [6.9, 2.9, 11.9],
			"rotation": {"angle": 0, "axis": "x", "origin": [10, 9, 16]},
			"faces": {
				"north": {"uv": [2.5, 13.25, 3, 14], "texture": "#0"},
				"east": {"uv": [4.25, 14.5, 4.5, 15.25], "texture": "#0"},
				"south": {"uv": [5, 11, 5.5, 11.75], "texture": "#0"},
				"west": {"uv": [6.25, 12.5, 6.5, 13.25], "texture": "#0"},
				"up": {"uv": [7, 12.25, 6.5, 12], "texture": "#0"},
				"down": {"uv": [7, 12.25, 6.5, 12.5], "texture": "#0"}
			}
		},
		{
			"from": [9.2, 10.2, 9.2],
			"to": [6.8, 7.8, 5.8],
			"rotation": {"angle": 0, "axis": "y", "origin": [9, 9, 15]},
			"faces": {
				"east": {"uv": [7.25, 15.5, 9, 16], "texture": "#0"},
				"south": {"uv": [8.5, 11, 9, 11.5], "texture": "#0"},
				"west": {"uv": [7.25, 15, 9, 15.5], "texture": "#0"},
				"up": {"uv": [8.5, 11.5, 9, 13.25], "texture": "#0"},
				"down": {"uv": [8.5, 13.25, 9, 15], "texture": "#0"}
			}
		},
		{
			"from": [9.2, 10.2, 1.2],
			"to": [6.8, 7.8, -6.2],
			"rotation": {"angle": 0, "axis": "y", "origin": [9, 9, 7]},
			"faces": {
				"north": {"uv": [8.5, 10.5, 9, 11], "texture": "#0"},
				"east": {"uv": [7.25, 15.5, 9, 16], "texture": "#0"},
				"south": {"uv": [8.5, 11, 9, 11.5], "texture": "#0"},
				"west": {"uv": [7.25, 15, 9, 15.5], "texture": "#0"},
				"up": {"uv": [8.5, 11.5, 9, 13.25], "texture": "#0"},
				"down": {"uv": [8.5, 13.25, 9, 15], "texture": "#0"}
			}
		}
	],
	"display": {
		"thirdperson_righthand": {
			"rotation": [64, 34, -4],
			"translation": [-2.25, 5, -2.75]
		},
		"thirdperson_lefthand": {
			"rotation": [64, 34, -4],
			"translation": [-2.25, 5, -2.75]
		},
		"firstperson_righthand": {
			"rotation": [-21, 19, -10],
			"translation": [-1, -0.25, -5.25]
		},
		"firstperson_lefthand": {
			"rotation": [-21, 19, -10],
			"translation": [-1, -0.25, -5.25]
		},
		"ground": {
			"translation": [0, 3.5, 0]
		},
		"gui": {
			"rotation": [30, 225, 0],
			"translation": [-0.75, -0.25, 0]
		},
		"head": {
			"rotation": [0, 180, 31],
			"translation": [3, 2.25, -21],
			"scale": [1.8, 1.8, 1.8]
		},
		"fixed": {
			"scale": [0.5, 0.5, 0.5]
		}
	},
	"groups": [
		{
			"name": "group",
			"origin": [7, 6, 15],
			"color": 0,
			"children": [0, 1, 2, 3, 4, 5, 6, 7, 8, 9, 10, 11, 12, 13, 14, 15, 16, 17, 18]
		},
		{
			"name": "border",
			"origin": [7, 6, 15],
			"color": 0,
			"children": [19, 20, 21, 22, 23, 24, 25, 26, 27, 28, 29, 30, 31, 32, 33, 34, 35]
		},
		{
			"name": "border2",
			"origin": [8, 8, 8],
			"color": 0,
			"children": [36, 37]
		}
	]
}