{
	"credit": "Made with Blockbench",
	"texture_size": [32, 32],
	"textures": {
		"0": "item/hat_moss_mayor",
		"particle": "item/hat_moss_mayor"
	},
	"elements": [
		{
			"from": [4, 0, 4.8],
			"to": [12, 3, 4.8],
			"rotation": {"angle": 0, "axis": "y", "origin": [7, 0, 8]},
			"faces": {
				"north": {"uv": [4, 11.5, 16, 16], "texture": "#0"},
				"east": {"uv": [0, 0, 0, 1.5], "texture": "#0"},
				"west": {"uv": [0, 0, 0, 1.5], "texture": "#0"},
				"up": {"uv": [4, 0, 0, 0], "texture": "#0"},
				"down": {"uv": [4, 0, 0, 0], "texture": "#0"}
			}
		},
		{
			"from": [4, -1, 5],
			"to": [4, 3, 13],
			"rotation": {"angle": 0, "axis": "y", "origin": [7, 0, 8]},
			"faces": {
				"north": {"uv": [4, 4, 8, 6], "texture": "#0"},
				"east": {"uv": [4, 2, 8, 4], "texture": "#0"},
				"south": {"uv": [0, 8, 4, 10], "texture": "#0"},
				"west": {"uv": [8, 0, 12, 2], "texture": "#0"},
				"up": {"uv": [4, 4, 0, 0], "texture": "#0"}
			}
		},
		{
			"from": [12, -1, 5],
			"to": [12, 3, 13],
			"rotation": {"angle": 0, "axis": "y", "origin": [15, 0, 8]},
			"faces": {
				"north": {"uv": [4, 4, 8, 6], "texture": "#0"},
				"east": {"uv": [12, 0, 8, 2], "texture": "#0"},
				"south": {"uv": [0, 8, 4, 10], "texture": "#0"},
				"west": {"uv": [4, 2, 8, 4], "texture": "#0"},
				"up": {"uv": [4, 4, 0, 0], "texture": "#0"}
			}
		},
		{
			"from": [4, -1, 13],
			"to": [12, 3, 13],
			"rotation": {"angle": 0, "axis": "y", "origin": [15, 0, 8]},
			"faces": {
				"north": {"uv": [4, 6, 8, 8], "texture": "#0"},
				"east": {"uv": [4, 2, 8, 4], "texture": "#0"},
				"south": {"uv": [0, 8, 4, 10], "texture": "#0"},
				"west": {"uv": [8, 0, 12, 2], "texture": "#0"},
				"up": {"uv": [4, 4, 0, 0], "texture": "#0"}
			}
		},
		{
			"from": [4, -1, 5],
			"to": [12, 3, 5],
			"rotation": {"angle": 0, "axis": "y", "origin": [15, 0, 0]},
			"faces": {
				"north": {"uv": [4, 4, 8, 6], "texture": "#0"},
				"east": {"uv": [4, 6, 8, 8], "texture": "#0"},
				"south": {"uv": [8, 6, 12, 8], "texture": "#0"},
				"west": {"uv": [8, 0, 12, 2], "texture": "#0"},
				"up": {"uv": [4, 4, 0, 0], "texture": "#0"}
			}
		},
		{
			"from": [4, 3, 5],
			"to": [12, 3, 13],
			"rotation": {"angle": 0, "axis": "y", "origin": [15, 0, 0]},
			"faces": {
				"north": {"uv": [4, 4, 0, 0], "texture": "#0"},
				"east": {"uv": [4, 4, 0, 0], "texture": "#0"},
				"south": {"uv": [4, 4, 0, 0], "texture": "#0"},
				"west": {"uv": [4, 4, 0, 0], "texture": "#0"},
				"up": {"uv": [4, 4, 0, 0], "texture": "#0"},
				"down": {"uv": [4, 8, 0, 4], "texture": "#0"}
			}
		},
		{
			"from": [12, -1, 1],
			"to": [12, 0, 5],
			"rotation": {"angle": 0, "axis": "y", "origin": [7, 0, 0]},
			"faces": {
				"north": {"uv": [0, 0, 0, 0.5], "texture": "#0"},
				"east": {"uv": [4, 8, 6, 8.5], "texture": "#0"},
				"south": {"uv": [0, 0, 0, 0.5], "texture": "#0"},
				"west": {"uv": [8, 5, 10, 5.5], "texture": "#0"},
				"up": {"uv": [0, 2, 0, 0], "texture": "#0"},
				"down": {"uv": [0, 0, 0, 2], "texture": "#0"}
			}
		},
		{
			"from": [4, -1, 1],
			"to": [4, 0, 5],
			"rotation": {"angle": 0, "axis": "y", "origin": [-1, 0, 0]},
			"faces": {
				"north": {"uv": [0, 0, 0, 0.5], "texture": "#0"},
				"east": {"uv": [8, 5.5, 10, 6], "texture": "#0"},
				"south": {"uv": [0, 0, 0, 0.5], "texture": "#0"},
				"west": {"uv": [6, 8, 8, 8.5], "texture": "#0"},
				"up": {"uv": [0, 2, 0, 0], "texture": "#0"},
				"down": {"uv": [0, 0, 0, 2], "texture": "#0"}
			}
		},
		{
			"from": [4, 0, 1],
			"to": [12, 0, 5],
			"rotation": {"angle": 0, "axis": "y", "origin": [7, 0, 0]},
			"faces": {
				"north": {"uv": [0, 0, 4, 0], "texture": "#0"},
				"east": {"uv": [0, 0, 2, 0], "texture": "#0"},
				"south": {"uv": [0, 0, 4, 0], "texture": "#0"},
				"west": {"uv": [0, 0, 2, 0], "texture": "#0"},
				"up": {"uv": [8, 2, 4, 0], "texture": "#0"},
				"down": {"uv": [12, 2, 8, 4], "texture": "#0"}
			}
		},
		{
			"from": [7, 3.25, 8],
			"to": [9, 3.25, 10],
			"rotation": {"angle": 0, "axis": "y", "origin": [7, 3, 8]},
			"faces": {
				"north": {"uv": [10, 5, 11, 6], "texture": "#0"},
				"east": {"uv": [10, 5, 11, 6], "texture": "#0"},
				"south": {"uv": [10, 5, 11, 6], "texture": "#0"},
				"west": {"uv": [10, 5, 11, 6], "texture": "#0"},
				"up": {"uv": [10, 5, 11, 6], "texture": "#0"},
				"down": {"uv": [10, 5, 11, 6], "texture": "#0"}
			}
		}
	],
	"display": {
		"thirdperson_righthand": {
			"rotation": [44, 28, 4],
			"translation": [-2.5, 6, 2]
		},
		"thirdperson_lefthand": {
			"rotation": [44, 28, 4],
			"translation": [-2.5, 6, 2]
		},
		"firstperson_righthand": {
			"rotation": [-16, 113, 19],
			"translation": [0, 8.75, 1.25],
			"scale": [0.8, 0.8, 0.8]
		},
		"firstperson_lefthand": {
			"rotation": [-16, 113, 19],
			"translation": [0, 8.75, 1.25],
			"scale": [0.8, 0.8, 0.8]
		},
		"ground": {
			"translation": [0, 3, 0],
			"scale": [0.5, 0.5, 0.5]
		},
		"gui": {
			"rotation": [30, 225, 0],
			"translation": [0, 5.5, 0]
		},
		"head": {
			"rotation": [4, 0, 0],
			"translation": [0, 18, -1.05],
			"scale": [1.81, 1.81, 1.81]
		},
		"fixed": {
			"scale": [0.5, 0.5, 0.5]
		}
	}
}