{
	"credit": "Made with Blockbench",
	"texture_size": [64, 64],
	"textures": {
		"0": "item/harpoon",
		"particle": "item/harpoon"
	},
	"elements": [
		{
			"from": [7, 25.15, 7],
			"to": [12, 30.15, 9],
			"rotation": {"angle": 45, "axis": "z", "origin": [8, 26.15, 8]},
			"faces": {
				"north": {"uv": [2, 3.75, 3.25, 5], "texture": "#0"},
				"east": {"uv": [2, 5, 2.5, 6.25], "texture": "#0"},
				"south": {"uv": [3.25, 3.75, 2, 5], "texture": "#0"},
				"west": {"uv": [2.5, 5, 3, 6.25], "texture": "#0"},
				"up": {"uv": [4.25, 5.5, 3, 5], "texture": "#0"},
				"down": {"uv": [6.75, 2, 5.5, 2.5], "texture": "#0"}
			}
		},
		{
			"from": [8, 26.15, 9.02],
			"to": [9, 27.15, 9.02],
			"rotation": {"angle": 45, "axis": "z", "origin": [8, 26.15, 8.1]},
			"faces": {
				"north": {"uv": [2, 3.75, 3.25, 5], "texture": "#0"},
				"east": {"uv": [2, 5, 2.5, 6.25], "texture": "#0"},
				"south": {"uv": [3, 4.5, 2.75, 4.75], "texture": "#0"},
				"west": {"uv": [2.5, 5, 3, 6.25], "texture": "#0"},
				"up": {"uv": [4.25, 5.5, 3, 5], "texture": "#0"},
				"down": {"uv": [6.75, 2, 5.5, 2.5], "texture": "#0"}
			}
		},
		{
			"from": [7, 27.15, 9.02],
			"to": [9, 28.15, 9.02],
			"rotation": {"angle": 45, "axis": "z", "origin": [8, 26.15, 8.1]},
			"faces": {
				"north": {"uv": [2, 3.75, 3.25, 5], "texture": "#0"},
				"east": {"uv": [2, 5, 2.5, 6.25], "texture": "#0"},
				"south": {"uv": [3.25, 4.25, 2.75, 4.5], "texture": "#0"},
				"west": {"uv": [2.5, 5, 3, 6.25], "texture": "#0"},
				"up": {"uv": [4.25, 5.5, 3, 5], "texture": "#0"},
				"down": {"uv": [6.75, 2, 5.5, 2.5], "texture": "#0"}
			}
		},
		{
			"from": [9, 25.15, 9.02],
			"to": [10, 27.15, 9.02],
			"rotation": {"angle": 45, "axis": "z", "origin": [8, 26.15, 8.1]},
			"faces": {
				"north": {"uv": [2, 3.75, 3.25, 5], "texture": "#0"},
				"east": {"uv": [2, 5, 2.5, 6.25], "texture": "#0"},
				"south": {"uv": [2.75, 4.5, 2.5, 5], "texture": "#0"},
				"west": {"uv": [2.5, 5, 3, 6.25], "texture": "#0"},
				"up": {"uv": [4.25, 5.5, 3, 5], "texture": "#0"},
				"down": {"uv": [6.75, 2, 5.5, 2.5], "texture": "#0"}
			}
		},
		{
			"from": [9, 25.15, 6.98],
			"to": [10, 27.15, 6.98],
			"rotation": {"angle": 45, "axis": "z", "origin": [8, 26.15, 6.1]},
			"faces": {
				"north": {"uv": [2.75, 4.5, 2.5, 5], "texture": "#0"},
				"east": {"uv": [2.75, 4.5, 2.5, 5], "texture": "#0"},
				"south": {"uv": [2.75, 4.5, 2.5, 5], "texture": "#0"},
				"west": {"uv": [2.75, 4.5, 2.5, 5], "texture": "#0"},
				"up": {"uv": [2.75, 4.5, 2.5, 5], "texture": "#0"},
				"down": {"uv": [2.75, 4.5, 2.5, 5], "texture": "#0"}
			}
		},
		{
			"from": [8, 26.15, 6.98],
			"to": [9, 27.15, 6.98],
			"rotation": {"angle": 45, "axis": "z", "origin": [8, 26.15, 6.1]},
			"faces": {
				"north": {"uv": [3, 4.5, 2.75, 4.75], "texture": "#0"},
				"east": {"uv": [3, 4.5, 2.75, 4.75], "texture": "#0"},
				"south": {"uv": [3, 4.5, 2.75, 4.75], "texture": "#0"},
				"west": {"uv": [3, 4.5, 2.75, 4.75], "texture": "#0"},
				"up": {"uv": [3, 4.5, 2.75, 4.75], "texture": "#0"},
				"down": {"uv": [3, 4.5, 2.75, 4.75], "texture": "#0"}
			}
		},
		{
			"from": [7, 27.15, 6.98],
			"to": [9, 28.15, 6.98],
			"rotation": {"angle": 45, "axis": "z", "origin": [8, 26.15, 6.1]},
			"faces": {
				"north": {"uv": [3.25, 4.25, 2.75, 4.5], "texture": "#0"},
				"east": {"uv": [3.25, 4.25, 2.75, 4.5], "texture": "#0"},
				"south": {"uv": [3.25, 4.25, 2.75, 4.5], "texture": "#0"},
				"west": {"uv": [3.25, 4.25, 2.75, 4.5], "texture": "#0"},
				"up": {"uv": [3.25, 4.25, 2.75, 4.5], "texture": "#0"},
				"down": {"uv": [3.25, 4.25, 2.75, 4.5], "texture": "#0"}
			}
		},
		{
			"from": [3, 27.15, 7],
			"to": [7, 30.15, 9],
			"rotation": {"angle": 45, "axis": "z", "origin": [8, 26.15, 8]},
			"faces": {
				"north": {"uv": [4.5, 4, 5.5, 4.75], "texture": "#0"},
				"east": {"uv": [5.75, 0, 6.25, 0.75], "texture": "#0"},
				"south": {"uv": [5.5, 4, 4.5, 4.75], "texture": "#0"},
				"west": {"uv": [5.75, 0.75, 6.25, 1.5], "texture": "#0"},
				"up": {"uv": [6.5, 3, 5.5, 2.5], "texture": "#0"},
				"down": {"uv": [4, 5.5, 3, 6], "texture": "#0"}
			}
		},
		{
			"from": [3, 26.15, 7],
			"to": [4, 27.15, 9],
			"rotation": {"angle": 45, "axis": "z", "origin": [8, 26.15, 8]},
			"faces": {
				"north": {"uv": [2, 6.25, 2.25, 6.5], "texture": "#0"},
				"east": {"uv": [4, 3.5, 4.5, 3.75], "texture": "#0"},
				"south": {"uv": [2, 6.25, 2.25, 6.5], "texture": "#0"},
				"west": {"uv": [6, 6, 6.5, 6.25], "texture": "#0"},
				"up": {"uv": [4.5, 5.5, 4.25, 5], "texture": "#0"},
				"down": {"uv": [4, 6, 3.75, 6.5], "texture": "#0"}
			}
		},
		{
			"from": [9, 21.15, 7],
			"to": [12, 25.15, 9],
			"rotation": {"angle": 45, "axis": "z", "origin": [8, 26.15, 8]},
			"faces": {
				"north": {"uv": [5, 0, 5.75, 1], "texture": "#0"},
				"east": {"uv": [4, 5.5, 4.5, 6.5], "texture": "#0"},
				"south": {"uv": [5.75, 0, 5, 1], "texture": "#0"},
				"west": {"uv": [5.5, 4, 6, 5], "texture": "#0"},
				"up": {"uv": [6.5, 2, 5.75, 1.5], "texture": "#0"},
				"down": {"uv": [3.75, 6, 3, 6.5], "texture": "#0"}
			}
		},
		{
			"from": [11.29289, 23.09975, 7],
			"to": [12.29289, 24.09975, 9],
			"rotation": {"angle": 45, "axis": "z", "origin": [12, 23.15, 8]},
			"faces": {
				"north": {"uv": [2.5, 6.25, 2.75, 6.5], "texture": "#0"},
				"east": {"uv": [6.25, 0, 6.75, 0.25], "texture": "#0"},
				"south": {"uv": [2.5, 6.25, 2.75, 6.5], "texture": "#0"},
				"west": {"uv": [6.25, 0.25, 6.75, 0.5], "texture": "#0"},
				"up": {"uv": [6.5, 1, 6.25, 0.5], "texture": "#0"},
				"down": {"uv": [6.5, 1, 6.25, 1.5], "texture": "#0"}
			}
		},
		{
			"from": [5.99, 23.49, 6.99],
			"to": [10.01, 25.51, 9.01],
			"rotation": {"angle": 0, "axis": "z", "origin": [10, 23.5, 8]},
			"faces": {
				"north": {"uv": [5.5, 3, 6.5, 3.5], "texture": "#0"},
				"east": {"uv": [4.5, 6, 5, 6.5], "texture": "#0"},
				"south": {"uv": [6.5, 3, 5.5, 3.5], "texture": "#0"},
				"west": {"uv": [6, 4.5, 6.5, 5], "texture": "#0"},
				"up": {"uv": [6.5, 5.5, 5.5, 5], "texture": "#0"},
				"down": {"uv": [6.5, 5.5, 5.5, 6], "texture": "#0"}
			}
		},
		{
			"from": [6.99, 7.73, 6.99],
			"to": [9.01, 26.75, 9.01],
			"rotation": {"angle": 0, "axis": "z", "origin": [10, 23.7, 8]},
			"faces": {
				"north": {"uv": [0, 3.75, 0.5, 8.25], "texture": "#0"},
				"east": {"uv": [0.5, 3.75, 1, 8.25], "texture": "#0"},
				"south": {"uv": [0.5, 3.75, 0, 8.5], "texture": "#0"},
				"west": {"uv": [1.5, 3.75, 1, 8.25], "texture": "#0"},
				"up": {"uv": [0, 3.75, 0.5, 8.25], "texture": "#0"},
				"down": {"uv": [0, 3.75, 0.5, 8.25], "texture": "#0"}
			}
		},
		{
			"from": [6, 1.5, 6],
			"to": [10, 16.5, 10],
			"rotation": {"angle": 0, "axis": "z", "origin": [10, 23.5, 8]},
			"faces": {
				"north": {"uv": [0, 0, 1, 3.75], "texture": "#0"},
				"east": {"uv": [1, 0, 2, 3.75], "texture": "#0"},
				"south": {"uv": [2, 0, 3, 3.75], "texture": "#0"},
				"west": {"uv": [3, 0, 4, 3.75], "texture": "#0"},
				"up": {"uv": [5, 1, 4, 0], "texture": "#0"},
				"down": {"uv": [5, 1, 4, 2], "texture": "#0"}
			}
		}
	],
	"gui_light": "front",
	"display": {
		"thirdperson_righthand": {
			"translation": [0, 3, 1],
			"scale": [0.55, 0.55, 0.55]
		},
		"thirdperson_lefthand": {
			"translation": [0, 3, 1],
			"scale": [0.55, 0.55, 0.55]
		},
		"firstperson_righthand": {
			"rotation": [-58, -70, 25],
			"translation": [0.13, 3.2, 5.38],
			"scale": [0.68, 0.68, 0.68]
		},
		"firstperson_lefthand": {
			"rotation": [-58, -70, 25],
			"translation": [0.13, 3.2, 5.38],
			"scale": [0.68, 0.68, 0.68]
		},
		"ground": {
			"translation": [0, 2, 0],
			"scale": [0.5, 0.5, 0.5]
		},
		"gui": {
			"rotation": [0, 0, -45],
			"translation": [-3.5, -4.5, 0],
			"scale": [0.8, 0.8, 0.8]
		},
		"head": {
			"rotation": [0, 180, 0],
			"translation": [0, 13, 7]
		},
		"fixed": {
			"rotation": [0, 180, 0]
		}
	}
}