{
	"credit": "Made with Blockbench",
	"texture_size": [32, 32],
	"textures": {
		"0": "block/texture",
		"particle": "block/texture"
	},
	"elements": [
		{
			"from": [5, 0, 2],
			"to": [11, 5, 14],
			"rotation": {"angle": 0, "axis": "y", "origin": [7, 0, 2]},
			"faces": {
				"north": {"uv": [6, 2.5, 9, 5], "texture": "#0"},
				"east": {"uv": [0, 6, 6, 8.5], "texture": "#0"},
				"south": {"uv": [6, 5, 9, 7.5], "texture": "#0"},
				"west": {"uv": [6, 0, 12, 2.5], "texture": "#0"},
				"up": {"uv": [3, 6, 0, 0], "texture": "#0"},
				"down": {"uv": [6, 0, 3, 6], "texture": "#0"}
			}
		},
		{
			"from": [11.15, 5.15, 14.15],
			"to": [4.85, -0.15, 1.85],
			"rotation": {"angle": 0, "axis": "y", "origin": [13, 5, 14]},
			"faces": {
				"north": {"uv": [1, 16, 0, 15.5], "texture": "#0"},
				"east": {"uv": [1, 16, 0, 15.5], "texture": "#0"},
				"south": {"uv": [1, 16, 0, 15.5], "texture": "#0"},
				"west": {"uv": [1, 16, 0, 15.5], "texture": "#0"},
				"up": {"uv": [1, 16, 0, 15.5], "texture": "#0"},
				"down": {"uv": [2, 15, 1, 12], "texture": "#0"}
			}
		},
		{
			"from": [11.15, 8.15, 14.15],
			"to": [4.85, 4.85, 9.85],
			"rotation": {"angle": 0, "axis": "y", "origin": [13, 10, 22]},
			"faces": {
				"north": {"uv": [1, 16, 0, 15.5], "texture": "#0"},
				"east": {"uv": [1, 16, 0, 15.5], "texture": "#0"},
				"south": {"uv": [1, 16, 0, 15.5], "texture": "#0"},
				"west": {"uv": [1, 16, 0, 15.5], "texture": "#0"},
				"down": {"uv": [1, 16, 0, 15.5], "texture": "#0"}
			}
		},
		{
			"from": [11, 5, 4],
			"to": [13, 5, 9],
			"rotation": {"angle": 0, "axis": "y", "origin": [13, 0, 1]},
			"faces": {
				"north": {"uv": [0, 0, 1, 0], "texture": "#0"},
				"east": {"uv": [0, 0, 2.5, 0], "texture": "#0"},
				"south": {"uv": [0, 0, 1, 0], "texture": "#0"},
				"west": {"uv": [0, 0, 2.5, 0], "texture": "#0"},
				"up": {"uv": [10, 9.5, 9, 7], "texture": "#0"},
				"down": {"uv": [7, 9.5, 6, 12], "texture": "#0"}
			}
		},
		{
			"from": [3, 5, 4],
			"to": [5, 5, 9],
			"rotation": {"angle": 0, "axis": "y", "origin": [5, 0, 1]},
			"faces": {
				"north": {"uv": [0, 0, 1, 0], "texture": "#0"},
				"east": {"uv": [0, 0, 2.5, 0], "texture": "#0"},
				"south": {"uv": [0, 0, 1, 0], "texture": "#0"},
				"west": {"uv": [0, 0, 2.5, 0], "texture": "#0"},
				"up": {"uv": [8, 12, 7, 9.5], "texture": "#0"},
				"down": {"uv": [9, 9.5, 8, 12], "texture": "#0"}
			}
		},
		{
			"from": [5, 5, 10],
			"to": [11, 8, 14],
			"rotation": {"angle": 0, "axis": "y", "origin": [7, 0, 2]},
			"faces": {
				"north": {"uv": [3, 8.5, 6, 10], "texture": "#0"},
				"east": {"uv": [9, 4, 11, 5.5], "texture": "#0"},
				"south": {"uv": [9, 2.5, 12, 4], "texture": "#0"},
				"west": {"uv": [9, 5.5, 11, 7], "texture": "#0"},
				"up": {"uv": [9, 9.5, 6, 7.5], "texture": "#0"},
				"down": {"uv": [3, 8.5, 0, 10.5], "texture": "#0"}
			}
		},
		{
			"from": [7, 5, 9],
			"to": [9, 7, 10],
			"rotation": {"angle": 0, "axis": "y", "origin": [6, 0, -2]},
			"faces": {
				"north": {"uv": [9, 9.5, 10, 11], "texture": "#0"},
				"east": {"uv": [3, 10, 4, 11.5], "texture": "#0"},
				"south": {"uv": [4, 10, 5, 11.5], "texture": "#0"},
				"west": {"uv": [5, 10, 6, 11.5], "texture": "#0"},
				"up": {"uv": [11, 8, 10, 7], "texture": "#0"},
				"down": {"uv": [11, 8, 10, 9], "texture": "#0"}
			}
		},
		{
			"from": [7, 5, 8],
			"to": [9, 7, 9],
			"rotation": {"angle": -22.5, "axis": "x", "origin": [8, 5, 9]},
			"faces": {
				"north": {"uv": [9, 9.5, 10, 11], "texture": "#0"},
				"east": {"uv": [3, 10, 4, 11.5], "texture": "#0"},
				"south": {"uv": [4, 10, 5, 11.5], "texture": "#0"},
				"west": {"uv": [5, 10, 6, 11.5], "texture": "#0"},
				"up": {"uv": [11, 8, 10, 7], "texture": "#0"},
				"down": {"uv": [11, 8, 10, 9], "texture": "#0"}
			}
		}
	],
	"display": {
		"thirdperson_righthand": {
			"rotation": [41, 74, 0],
			"translation": [-3.5, 2.25, 4],
			"scale": [0.8, 0.8, 0.8]
		},
		"thirdperson_lefthand": {
			"rotation": [41, 74, 0],
			"translation": [-3.5, 2.25, 4],
			"scale": [0.8, 0.8, 0.8]
		},
		"firstperson_righthand": {
			"rotation": [3, 111, -11],
			"translation": [-2.5, 5.75, -0.5]
		},
		"firstperson_lefthand": {
			"rotation": [3, 111, -11],
			"translation": [-2.5, 5.75, -0.5]
		},
		"ground": {
			"translation": [0, 2.25, 0],
			"scale": [0.8, 0.8, 0.8]
		},
		"gui": {
			"rotation": [30, 225, 0],
			"translation": [0, 1.5, 0],
			"scale": [0.625, 0.625, 0.625]
		},
		"head": {
			"translation": [0, 13.5, 0]
		}
	}
}