{
  "parent": "minecraft:item/generated",
  "textures": {
    "layer0": "minecraft:item/paper"
  },
  "overrides": [
    {
      "predicate": {
        "custom_model_data": 1
      },
      "model": "minecraft:item/td_car_1_red"
    },
    {
      "predicate": {
        "custom_model_data": 2
      },
      "model": "minecraft:item/dojo_banner_pagoda"
    },
    {
      "predicate": {
        "custom_model_data": 3
      },
      "model": "minecraft:item/jason"
    }
  ]
}
