{
  "variants": {
    "age=0": [
      {
        "model": "minecraft:block/sugar_cane"
      }
    ],
    "age=1": [
      {
        "model": "minecraft:block/trim_grass"
      },
      {
        "model": "minecraft:block/trim_grass_2"
      },
      {
        "model": "minecraft:block/trim_grass_3"
      },
      {
        "model": "minecraft:block/trim_grass_4"
      },
      {
        "model": "minecraft:block/trim_grass_5"
      },
      {
        "model": "minecraft:block/trim_grass_6"
      },
      {
        "model": "minecraft:block/trim_grass_7"
      },
      {
        "model": "minecraft:block/trim_grass_8"
      },
      {
        "model": "minecraft:block/trim_grass_9"
      },
      {
        "model": "minecraft:block/trim_grass_10"
      },
      {
        "model": "minecraft:block/trim_grass_11"
      }
    ]
  }
}